100
10001
100016
100017
100018
100026
10003
100036
100037
10004
100041
100050
100051
100054
10006
100060
100061
10007
10009
100109
10011
10013
10014
10016
10019
100191
10021
10022
10024
100245
100262
100263
100265
10027
100270
10030
10033
100342
100345
100348
100350
100351
100352
100353
100354
100356
10036
10040
10043
10044
10046
100476
10048
100487
100489
10049
100490
10051
10053
10054
10056
10062
100625
100626
100627
10065
100664
100665
100667
100712
100738
100739
10074
100740
100741
10076
10079
10081
100822
100827
100829
10083
10084
10086
10087
10089
10091
10092
100938
10094
10096
10098
10100
10102
101031
10104
10106
101077
10108
101101
101116
10112
101122
101123
101134
101135
10114
101142
10120
10124
10126
10129
10132
10134
10140
10143
10145
101454
101459
101460
101461
101462
101463
101464
101466
10148
101509
10151
101515
10153
10156
10159
10165
10167
10172
10173
10177
10178
101781
10179
10182
10189
10195
10197
10198
10200
10201
10207
102074
102078
102079
102080
102081
102082
102086
102087
102088
102089
10209
102090
102096
102098
102099
102100
102101
102105
102106
102111
10212
102120
10213
102131
102139
102142
10215
102157
102164
10217
102176
102180
102195
10220
102216
102227
10223
10226
10228
102292
102295
10231
10234
10237
10238
10240
10243
10246
10249
10250
10251
10253
10255
10256
10257
102583
102585
102586
102587
102589
102590
102591
102592
102611
102614
102615
102619
10262
102622
10265
10268
102682
102685
102693
102697
10271
10273
10274
10276
10277
102774
102777
10279
10281
10282
10287
10290
10292
102982
102989
102990
10304
103045
10305
103054
10309
103098
103099
103100
103101
103102
103103
103105
103107
103108
103109
10311
103110
103112
103113
103114
103138
103139
10315
10317
10322
10323
103274
103276
10328
103292
103303
103304
103305
103334
10334
103347
10335
10337
10339
103391
103392
103393
10340
103400
103418
103419
10342
10344
103440
10345
10348
10351
103511
103512
103518
10352
103529
10363
10366
10368
103681
103857
103887
103888
103889
103890
103893
103894
103909
103913
103917
103918
10393
103943
103961
104051
10406
104082
10409
104094
104095
10410
104105
104106
104107
10417
10422
104229
104232
104239
104244
104284
10431
104320
104324
104325
104328
10433
104333
104334
104335
104336
104337
10435
104355
104408
10444
104463
104483
104488
104490
10463
10482
104903
10491
104911
104912
10495
104987
104988
104993
104994
104995
104998
104999
10503
105054
105061
105068
105069
10507
105073
105086
10509
105100
105101
105102
105105
10520
10522
105222
105223
105278
105286
105287
105288
105293
105299
105316
105318
105319
10543
10545
105450
105451
105456
105457
105461
105462
105465
105466
105468
105469
105470
105471
105473
105474
105481
105494
10550
105506
10551
105528
105529
105530
105545
105546
105549
105552
105591
105595
105600
105604
105623
105640
105660
105676
105691
105696
105698
105700
105702
105703
105704
105708
105711
105717
105719
105764
105782
105786
105791
105793
105794
105801
105802
105808
105809
105810
105812
10586
105887
105892
105931
105935
105937
105944
105945
105950
105983
10604
106058
10607
106111
106158
106159
106187
106188
106193
106195
106199
106201
106202
106203
106204
106205
106206
106209
106210
106212
106214
106216
106219
106222
106225
106231
106235
106237
106239
106240
106243
106245
106246
106247
106248
106249
106251
106252
106261
106262
106265
106279
106282
106284
106286
106290
106294
106300
106302
106303
106306
106307
106308
106309
106311
106312
106313
106314
106315
106316
106317
106319
106320
106323
106327
106328
106336
106346
106349
106350
106352
106354
106355
106356
106357
106358
106359
106361
106365
106366
106367
106368
106369
10637
106370
106371
106372
106373
106375
106377
106378
106380
106382
106384
106388
106389
106391
106393
106394
106398
106400
106401
106403
106404
106405
106407
106410
106413
106414
106415
106416
106418
106419
106420
106421
106424
106425
106426
106427
106431
106435
106438
106439
106440
106441
106442
106443
106444
106445
106446
106447
106448
10645
106450
106451
106455
106457
106465
106466
106468
10647
106474
106476
106478
106482
106484
106485
106486
106493
106495
106498
106499
106515
106520
106523
106538
106545
106546
106547
106549
106550
106551
106552
106553
106554
106559
106560
106561
106562
106563
106564
106565
106566
106567
106568
106569
106570
106571
106572
106573
106574
106575
106576
106577
106578
106580
106589
10661
106625
106638
106649
106653
106669
10667
106670
106672
106673
106674
106675
106678
106679
106681
106686
106687
106689
106690
106691
106692
106693
106718
106735
106736
106746
106747
10676
106764
107007
107020
10703
107050
107051
10707
107288
107293
107294
107303
107312
107333
107334
107335
107336
107337
107338
107340
107421
107486
107489
107490
107494
107668
107670
107680
107681
107708
107745
107789
107836
107862
107863
107865
107869
107910
107913
107915
107920
107922
10793
107938
107939
108
10823
10830
10847
10855
108575
108580
108583
108586
108589
108596
108598
108629
108636
108637
108729
108732
108741
108747
108749
108753
108757
10876
108845
108850
108852
108853
108857
108896
108921
108925
108928
108936
108937
108939
10894
108941
108942
108953
108955
10896
108963
108968
108971
108978
108979
10899
10902
109020
109021
109022
109024
109028
109029
109035
109038
109039
109041
109043
10905
109051
109055
109068
109107
109111
109119
10912
109120
109121
109125
109127
10913
10914
109142
109155
109157
10916
109161
109164
10918
10920
109219
10922
109220
109223
109228
10923
109230
109236
10925
10926
10927
109287
109288
109289
10929
109290
109291
109294
109295
10930
109300
109302
109309
109310
109312
109313
109314
109317
10932
109323
10933
10935
10936
10937
109395
109412
109413
109417
109418
10942
109426
109436
109437
109442
10945
109458
109460
109462
109467
109469
10947
109470
109478
109480
109487
109500
109503
109509
109510
10953
109531
109540
10955
109554
10956
109570
109571
10958
109583
109584
109586
109602
109604
109606
10961
109614
109616
109630
109631
109635
109637
109644
10967
109689
10969
109693
109694
10972
10976
109780
109805
109809
109810
109819
10983
10987
109885
10990
109907
109909
109923
109926
109927
10993
109931
109938
109945
109979
10998
109980
109985
11
110
11003
110086
110087
110088
110095
110106
110107
110108
110109
110111
110112
110113
110114
110115
110116
110118
110120
110121
110122
110123
110124
110125
110126
110127
110128
110129
110130
110131
110135
110136
110137
110138
110139
110141
110143
110144
110145
110146
110147
110149
110151
110152
110153
110154
110158
110159
110160
110237
11024
110242
110246
11025
110278
110279
11029
110291
11030
110308
110315
110317
11032
110324
110325
11033
110334
110338
11039
110416
110435
110469
11050
110507
11052
110527
11054
110541
110558
11056
110560
110561
11058
110582
11063
110639
110640
110642
110643
110647
110653
110654
110661
110663
110667
110673
110684
110685
110697
110714
110722
110729
110733
110739
110743
110744
110750
110759
110760
110761
110766
110767
110776
110779
110782
110794
110795
110798
110824
110829
11083
110840
110849
110866
110867
110869
110871
110872
110873
110879
11088
110881
11091
11093
11094
11096
11098
110982
110984
110985
110986
110994
111
11100
111010
111011
111012
111013
111014
111015
111016
111030
111040
111041
111044
111049
111050
111059
11106
111062
111063
111066
111074
111076
111078
111081
111103
111114
11113
111132
111140
111156
111164
111174
11118
111243
111247
11125
111250
111252
111257
111260
111267
111277
111278
11129
111295
111298
111307
111317
111318
11132
111325
11133
111333
11135
111351
11136
111363
111365
111366
111368
111369
11137
111372
111375
111377
111378
111380
111383
111384
111390
11140
111418
111427
111428
11143
111436
111441
111442
111444
111447
111453
111455
111456
111459
11146
111467
111471
111478
11151
111549
111554
111555
111559
11156
111564
111582
111608
111609
111610
111613
111614
111615
111616
111617
111618
111620
111622
111623
111624
111625
111630
111631
111632
111637
111639
111645
111646
111647
111648
111649
111650
111651
111655
111656
111657
111659
111660
111663
111667
111669
111670
111671
111718
111730
111736
111737
111739
111740
111745
111746
11175
111758
111759
111761
111769
111770
111777
111780
111790
111791
111792
111793
111794
111801
111802
111809
111811
111813
111815
11183
111836
111843
111848
111851
111858
111861
111862
111870
111872
111873
111888
11189
111897
111899
111902
111904
11191
111925
111931
111932
111935
11194
111952
111953
111954
111957
111960
11197
111985
111986
111988
111997
11200
112029
11203
112039
112040
112043
112044
112045
112051
112052
112053
112054
112055
112056
112059
112065
112066
112067
112068
112069
11207
112070
112071
112072
112076
112077
112079
11208
112080
112081
112082
112084
112085
112087
112088
112089
11209
112090
112091
112092
112094
112096
112097
112099
112100
112101
112102
112104
112105
112107
112108
112109
11211
112111
112113
112114
112118
112119
112122
112123
112124
112125
112126
112127
112129
11213
112130
112131
112136
112137
112138
112139
11214
112142
112144
112166
11217
112170
112172
112174
112178
11229
112307
112317
112335
112350
112357
112359
112390
11240
112412
112415
112416
112417
112499
112515
112541
112567
11257
112597
11261
112610
112613
11266
112685
112687
112712
112715
11272
112723
112725
112729
112731
112736
112740
112742
112744
112752
11276
112773
112775
112777
11278
112785
11279
112798
112804
112809
112815
11282
112828
11283
112830
112832
112836
112842
112852
112854
112862
11287
112883
112884
112885
112886
112887
112888
11289
11290
112903
11291
113032
113050
113054
113058
113059
113064
113066
113068
11307
113070
113078
113088
113090
113092
113093
113100
113101
11311
11312
11316
11318
11320
11321
11323
11324
11325
113266
113271
113272
113275
113277
11328
113295
11330
113305
113307
113308
11331
113313
11332
113324
11334
113353
113358
11336
113366
11337
113371
113374
11340
11341
11343
113436
11344
113442
11345
11346
113466
11347
113496
11350
113508
11351
113512
113513
11352
113531
113568
113569
113575
113576
113577
113579
113582
113587
113588
113594
113629
113631
113657
113667
113705
113710
113714
113716
113718
113720
113762
113794
11380
113803
113835
113837
113846
113856
113888
11390
113913
11392
113942
113969
113989
113991
113995
114240
11434
11435
114358
11442
114476
114477
114479
114500
114505
11453
11454
11455
11456
11457
11458
11459
11460
11461
11462
11463
11464
11465
11466
114669
11467
114670
11468
11469
11470
11471
11472
11473
11474
11475
11476
11477
11478
11479
11480
11481
11482
11483
114835
11484
11485
11486
11487
11488
11489
114907
114908
114910
114913
114916
114919
11492
114932
114933
114943
114950
114951
115
11502
115025
11504
11509
11510
11512
11514
115374
11548
115569
115737
11575
115836
115891
11594
116
116101
11611
11613
116152
116166
116186
116190
116193
116197
116198
116201
116202
116203
116204
116205
116206
116208
116211
116212
116222
116227
116229
116236
116238
116239
116240
11625
116260
116262
116264
116275
11629
116290
116291
116292
116293
116295
116296
116301
116302
116306
116308
116310
116320
116324
116325
116329
116330
116331
116335
116336
116337
116338
116339
116340
116343
116344
116345
116346
116347
116348
116349
116350
116351
116353
116355
116356
116358
116359
116360
116361
116362
116363
116364
116386
116387
116388
116391
116394
116399
116400
116401
116402
116408
116417
116418
116420
116422
116423
116424
116425
116430
116431
116433
116434
116435
116436
116437
116438
116439
116440
116442
116443
116444
116445
116446
116448
116450
116452
116455
116457
116462
116470
116472
116473
116474
116477
116478
116480
116482
116489
116491
116492
116494
116507
116515
116516
116517
116520
116521
116523
116524
116526
116533
116535
116538
116540
116541
116549
11655
116554
116557
116568
116574
116575
11659
11660
116600
116601
116603
116604
116606
116607
116608
116609
116611
116619
116621
116622
116623
116626
116629
116630
116633
116636
116641
116642
116645
116650
116655
116673
116696
116702
116703
116715
116718
116722
116727
116737
116750
116754
116758
116764
116804
116805
116807
116808
116812
116813
116814
116815
116822
116823
116824
116828
116832
116833
116835
116840
116841
116844
116845
116846
116847
116848
116851
116859
116860
116865
116873
116877
116879
116883
116885
116892
116893
116898
11690
116904
116907
116912
116928
116929
116941
116944
116946
11695
116953
116956
116959
116962
116963
116964
116970
116979
11698
116993
116998
117000
117001
117013
117021
117025
11703
117039
117041
117044
117048
117050
117051
117058
117059
11706
117060
117066
117067
117068
117070
117071
117072
117075
117080
117088
117093
117095
117105
117109
117111
117117
117118
11712
117131
117139
117148
117150
11716
117167
117169
117172
117186
117198
117200
117201
117206
117207
11722
11723
117240
117243
117244
117245
117246
117259
117267
117270
117274
117275
117276
117277
117304
117306
117309
11732
117330
117336
11735
11740
11743
117435
117437
117439
117445
117469
117475
117476
117477
117479
117480
117511
117523
117526
117534
117540
117548
117554
11757
117594
117595
117596
117598
117601
117602
117603
117606
117614
117617
117618
117622
117656
117657
11766
117700
117707
117709
117711
117718
117738
11774
11775
117775
117781
117803
117816
11782
117834
117839
11784
117841
117845
11786
11789
11790
11791
11795
117971
117977
117979
11798
11800
118007
11801
118011
11802
118021
118022
118025
118030
118031
118032
11804
11806
11809
11815
118150
11824
118324
118545
118546
118547
118549
118550
118551
118553
118554
118556
118557
118558
118560
118570
11861
11873
11874
11876
118801
118803
11892
118979
119028
119084
119233
119239
11924
119245
119251
119252
119253
119254
119255
119256
119257
119258
119259
119260
119264
119270
119272
119273
119274
11932
119327
11933
119332
119333
119335
119336
119338
119339
11934
11937
119372
119383
119385
11942
119424
11943
119432
11944
119444
11945
119545
119546
119547
119575
119579
11965
119663
119665
119667
11967
119737
119738
119739
119740
119744
119754
119775
119779
119859
119874
11988
119883
119959
119961
119963
119964
119965
119968
119969
11997
119970
119971
119985
11999
12000
120061
12007
120080
120081
120101
120102
120103
120104
12011
120110
12013
12014
120143
120154
120155
12016
120163
120166
120168
120170
120171
120172
120174
12018
120180
120181
120183
120205
120208
120264
120265
120266
120267
120268
12028
120293
120294
120295
120296
120298
120299
12030
120300
120301
120302
12032
120328
120329
120331
120334
120336
12034
120343
120344
120347
120350
120351
120357
120358
120359
120360
120364
120365
120367
120368
120369
120370
120378
120394
120396
12041
120412
120420
120421
120423
120424
120425
120427
120433
120436
120440
120441
120442
120443
120444
120445
120446
120447
120448
120454
120455
120476
120478
120479
120480
120501
120503
120504
120505
120506
120509
120511
120513
120514
120515
120516
120518
120519
120520
120524
120525
120529
12054
120578
12059
12065
120662
120665
120666
120669
12069
12072
12073
12077
12081
12086
12099
12102
12104
12114
12115
12119
12121
12123
12132
12135
121363
121377
121403
121408
12145
121513
121579
121580
121628
121629
12165
121724
121726
121737
121738
121767
121768
121770
121774
121777
121781
12181
121829
12183
121840
121841
12188
12190
121977
121979
12198
121981
121988
12201
12204
122041
122042
122046
122062
122063
122064
122098
122101
12211
122114
122115
122130
122132
122135
122136
12214
12221
122250
122251
122252
122253
122254
122255
122256
122257
122258
122259
12226
122261
122263
122264
122265
122266
122267
122268
12227
122270
122271
122272
122273
12229
12236
12238
122395
12241
122418
12242
122422
12247
12248
12251
122519
122520
12254
12259
12260
12264
122641
12267
12268
12270
122757
12276
12278
12284
12291
12292
12294
12301
12304
12305
123078
123079
12310
12311
12313
12314
12332
12336
12339
123402
123407
12341
12344
123459
12346
123461
12347
123487
12352
123529
123554
123555
123556
12359
123600
123608
123632
123634
12364
123643
12370
12371
123710
123711
123716
123717
123721
123728
123736
12375
123764
123771
123773
123776
123780
123781
123793
123797
123799
123800
123801
123802
123804
123808
123819
123824
123825
123828
123831
123832
123835
12401
124050
12407
12409
124136
12417
12418
124218
12422
124220
12426
12438
124455
124474
124483
124649
124651
124652
124655
124660
124661
124663
12470
12474
12476
124818
12483
124832
124833
124834
124835
124841
124843
124845
124855
124858
124861
124869
124877
124880
124884
124886
124891
124892
124896
124897
124913
124916
124922
124924
124925
124927
124932
12497
12508
12510
125112
12514
12517
12518
12523
12526
12529
12530
12531
12533
12534
12535
12537
12543
12545
12553
125577
12559
12561
12565
125652
125666
12567
125774
125777
12578
12581
12586
12598
12600
12601
12602
12609
126122
126128
126129
126130
126131
126132
126133
126134
126157
126158
126159
12616
126169
126192
126197
126207
12622
126236
126237
126238
126240
126241
126242
126243
126268
126269
126270
126273
126274
126286
126287
126288
126333
126336
12634
12636
126361
126362
126363
126364
12640
126418
12642
126422
126423
126424
126430
126431
126432
126433
126436
126468
126469
126479
126481
126482
126483
126485
126487
126505
126506
126507
126550
12658
126592
126594
12679
12681
12683
126858
12690
12694
12696
12698
126981
12701
12702
12703
12704
12706
12708
12709
12710
12711
12713
12716
12717
12719
12720
12721
12723
12725
12726
12727
12729
12730
12731
127340
12735
127355
12736
127388
127389
127390
127393
12740
12741
12742
12750
12753
12760
127603
127613
127620
127622
127623
127625
127629
12763
127634
127635
12764
127643
127644
12765
127723
127728
12773
127731
127732
127733
127734
127736
127737
127739
12774
127743
12784
127859
12786
127867
127874
12788
127885
127894
12791
12798
12801
128011
128012
128013
128014
12808
12813
12829
12830
12848
12865
12868
12875
12876
12879
12883
12888
12891
12895
12896
12897
129
12907
12909
129132
129133
129219
129300
129301
129302
129305
129306
129307
129308
129309
129310
129311
129313
129314
129315
129316
129317
129318
129319
129320
129321
129322
129323
129324
129325
129326
129327
129328
129329
129330
129331
129332
129333
129334
129335
129336
129337
129338
129339
129340
129341
129342
129343
129344
129345
129346
129347
129348
129349
12935
129350
129351
129352
129353
129354
129355
129397
129398
129410
12944
12945
129458
12947
129512
129517
12961
129639
129640
129714
129744
129745
129746
129756
129758
129763
129769
12977
129778
129779
12981
129844
129849
12985
129866
129906
129932
129964
129968
12999
130025
130031
13006
130064
130065
130068
130069
130070
130072
130073
130074
130076
130077
13009
130100
130102
130104
130105
130107
130108
13012
130127
130132
130141
130146
130211
130213
130214
130221
130225
130286
13033
13035
130589
130592
130604
130611
130612
130619
130620
130622
130624
130625
130628
130629
130630
130631
130633
130637
130639
130640
130641
130642
130660
130664
130667
130668
130669
13067
130670
130671
130672
130675
130676
130677
130678
130691
13070
130700
130706
13081
13084
13091
130935
13094
13095
13096
130961
13098
13103
13106
13112
131154
13119
13120
13123
13132
131380
131381
131382
131384
131388
131389
131392
131407
13141
13142
13143
13146
131466
131467
131468
13149
13151
13152
131522
13153
13154
13166
13171
131713
131714
131742
131816
131822
131827
13183
131858
131859
13187
131870
131871
131872
131873
131874
131875
131876
131877
131878
131879
13188
131880
131884
131892
131893
131896
13190
131900
131901
131906
131908
131912
131915
131916
13192
131921
131922
131977
131979
13198
131981
131995
131996
132001
132002
132003
13204
13205
132068
132070
132072
13208
132083
132084
132085
132086
132087
132088
132089
132090
132091
132092
132093
132094
132096
132097
132098
132099
13210
132100
132101
132102
132110
132114
132115
132116
13212
132128
13213
132148
132149
132150
132151
132152
132153
132154
132155
132156
132157
132158
132159
13216
132160
132161
132162
132163
132164
132165
132166
132167
132168
132169
132170
132171
132172
132173
132174
132175
132176
132177
132178
132179
132180
132181
132182
132183
132184
132185
132186
132187
132188
132189
13219
132190
132191
132192
132193
132194
132195
132196
132197
132198
132199
132200
132201
132202
132203
132204
132205
132206
132207
132208
132209
132210
132211
132212
132213
132214
132215
132216
132217
132218
132219
132220
132221
132222
132223
132224
132225
132226
132227
132228
132229
13223
132230
132231
132232
132233
132234
132235
132236
132237
132238
132239
132240
132241
132242
132243
132244
132245
13225
13230
13231
132364
132396
13240
132496
132499
132507
132512
132515
132516
132517
132518
13254
13255
132561
132622
132626
13264
13265
132674
132675
132679
132680
132701
132714
13272
13274
132889
132894
133136
13315
133210
133216
133217
133218
133219
133220
13325
133254
13326
13328
133282
13331
133313
133338
13334
133456
133498
133512
13354
133543
133564
13360
133605
133635
13364
13368
133709
133719
13372
133724
133728
133729
133730
133732
133733
133736
133737
13375
133755
133758
133762
133764
133771
133787
133788
133792
133797
133808
133809
133810
133811
133814
133817
133834
13384
133847
133848
133849
133850
133851
133855
133858
133859
133861
133864
133865
133869
133876
133878
133879
133880
133884
133885
133887
133896
133897
133913
133916
133923
133935
133944
133965
133975
133977
133981
133993
133994
133996
133997
133998
134
134006
134007
134010
134020
134021
134022
134029
134036
134037
13404
134041
134042
134043
134044
134047
13405
134058
134061
134062
134063
134064
134065
134067
134068
134078
134079
134082
134092
134098
134100
134107
134108
134113
134129
134133
134134
134157
134177
134178
13418
134180
134194
134196
134198
134199
134203
134204
134209
134214
134215
134220
134221
134222
134223
134224
134228
134234
134241
134242
134243
134251
134254
134256
134259
134260
134261
134263
134267
134268
134270
134279
134280
134281
134282
134283
134284
134285
134287
134288
134290
134291
134293
134294
134295
134296
134299
134302
134303
134304
134309
134310
134318
134330
134331
134333
134334
134335
134336
134337
134338
134340
134341
134342
134343
134344
134346
134348
134349
134351
134365
134366
134368
134369
134371
134378
134382
134385
134386
134388
134390
134394
134395
134400
134401
134407
134408
134409
134411
134413
134415
134419
134420
134421
134422
134423
134424
134425
134426
134430
134434
134437
13444
134442
134444
134445
134446
134447
134448
134449
134450
134451
134452
134453
134454
134456
134457
134458
134459
134465
134469
134477
134478
134482
134483
134485
134486
134488
134489
134490
134491
134492
134493
134495
134496
134498
134499
134500
134501
134505
134514
134515
134516
134517
134519
134520
134521
134522
134523
134524
134526
134527
134528
134529
134530
134531
134532
134534
134535
13454
134544
134549
13455
134554
134555
13457
134572
134573
134574
134575
134576
134577
134578
134579
134580
134581
134582
134584
134649
13487
135
13502
135058
13506
13507
13508
13512
135124
135125
135126
135127
135128
135132
135133
13514
135144
135145
135165
135170
135173
135178
135186
13520
13521
13523
135233
13524
13526
13527
13529
13531
135326
13534
13537
135441
135442
135444
135446
135454
135482
13551
135533
135546
13555
135550
13558
13560
135610
13562
13563
13566
13568
135681
135682
135685
13570
13571
135714
135716
135718
13572
135727
135738
13577
135774
135788
135793
135794
13580
13581
135831
135832
135834
135835
135836
135838
135839
135842
135843
135844
135845
135846
135847
135848
135850
135851
135855
135858
135859
13586
135860
135861
135862
135863
135864
135865
135868
135869
135870
135871
135872
135873
135874
135875
13591
135954
135978
135979
13598
135980
135981
135982
135983
135985
135987
135989
13599
135993
135995
135997
135998
135999
13600
136000
136002
136003
136004
136005
136006
136007
136008
13601
136010
136011
136012
136013
136014
136015
136016
136017
136018
136019
13602
136020
136021
136022
136023
136024
136025
136026
136029
13603
136030
136031
136032
136033
13604
136048
136049
13605
136050
136052
136053
136054
136055
136056
136058
13606
136062
136063
136065
136066
136067
136068
136073
136074
136075
136076
136077
136078
136079
136080
136081
136082
136083
136084
136085
136086
136087
136089
136090
136091
136092
136093
136096
13610
13612
136148
136149
136150
13617
136177
136178
136179
13618
136180
136181
136182
136186
136187
136188
136196
136197
136198
136199
13620
136200
136201
136202
136203
136204
136207
136208
136210
136219
136220
136221
136222
136223
136225
136228
136229
13623
136231
136232
136233
136234
136235
136236
136237
136239
136243
136251
136258
136259
136261
136305
136309
136311
136312
13632
136321
136322
136323
136326
136328
136333
136334
136335
136337
136338
136339
13634
136342
136343
136345
136346
136349
136358
13636
136362
136365
13637
136371
136378
136380
136381
136382
136384
136387
13639
136393
136394
136400
136405
136406
136411
136412
136413
136414
136415
136416
136417
136420
136421
136422
136427
136428
136432
136433
136437
136442
136453
13646
136505
136514
136515
136580
136583
136591
136595
136632
136633
136635
136636
136639
136640
136641
136642
136643
136646
136649
136650
136651
136653
136657
136660
13671
136740
136743
13676
136861
13688
13690
13693
13694
136952
136957
136958
136969
136977
136980
136981
136984
136993
136996
136997
136998
136999
137005
137046
137052
137054
137056
137059
137060
13710
137123
137132
137133
137222
137226
137263
13742
13745
137755
13786
137906
138
138054
138156
138211
13836
13847
13852
13853
139134
13916
13919
139230
139288
139377
139400
139417
139465
13947
139473
13954
13956
13968
13977
13978
13981
13983
139847
139848
139849
139850
139851
139852
139854
139855
139856
139857
139858
139859
139860
139861
139862
139863
139864
139865
139866
139867
139869
13987
139870
139871
139884
139885
139886
139887
139888
139889
139894
13990
139907
14002
140080
140118
140254
140257
14027
140336
140337
140339
140340
140341
140342
140343
140344
140345
140347
140348
140349
140350
140351
140352
140353
140354
140355
140357
140358
140359
140360
140361
140363
140364
140365
140366
140370
140372
140374
140409
140410
140411
140412
140413
140415
140416
140436
140437
140449
140450
140451
140452
140503
140527
140530
140588
140592
140594
140598
140601
140603
140608
140615
140617
140619
140620
140630
140631
140632
140633
140634
140635
140636
140641
140646
140647
140649
140651
140654
140655
140661
140665
140678
140680
140681
140683
140684
140694
140695
140696
140697
140698
140700
140701
140702
140703
140704
140707
140708
140709
140710
140712
140718
140720
140721
140722
140723
140724
140726
140732
140735
140744
140746
140747
140748
140791
140796
140798
140800
140802
140804
140805
140806
140807
140808
140809
140810
140811
140812
140815
140821
140823
140824
140825
140827
140828
140831
140832
140833
140835
140837
140838
140839
140840
140842
140846
140847
140848
140850
140851
140852
140854
140855
140856
140857
140859
140860
140861
140863
140864
140865
140866
140867
140868
140869
140870
140871
140872
140873
140875
140887
140888
140889
140890
140891
140892
140893
140894
140895
140896
140897
140898
140899
140900
140901
140902
140903
140904
140906
140907
140909
140910
140911
140913
140914
140915
140916
140917
140918
140919
140920
140921
140922
140923
140924
140925
140926
140927
140928
140929
140930
140931
140932
140933
140934
140935
140936
140943
140945
140946
140947
140951
140953
140959
140960
140961
140970
140972
140973
140975
140976
140977
140981
140982
140996
141003
141006
141090
141097
141098
141111
141112
141119
141137
141138
141139
141141
141144
141145
141146
141147
141148
141149
141150
141151
141152
141157
141158
141159
141160
141161
141162
141163
141164
141165
141168
141169
141170
141171
141172
141173
141175
141176
141177
141178
141179
141180
141181
141182
141183
141212
141213
141214
141215
141216
141217
141218
141219
141220
141221
141222
141223
141224
141225
141226
141227
141228
141229
141230
141231
141232
141233
141234
141235
141236
141237
141238
141239
141240
141241
141242
141243
141244
141245
141246
141247
141248
141249
141250
141251
141252
141253
141254
141255
141256
141257
141258
141259
141260
141263
141264
141266
141269
141271
141273
141274
141275
141278
141279
141280
141281
141282
141283
141284
141287
141288
141289
141290
141293
141295
141296
141396
141410
141454
14146
141477
141478
141479
141480
141504
141505
141506
141507
141508
141509
141510
141511
141512
141513
141514
141515
141516
141523
141524
141525
141526
141553
141554
141555
141556
141557
141558
141559
141560
141561
141562
141563
141564
141565
141566
141567
141568
141569
141570
141572
141573
141574
141575
141576
141577
141578
141579
141580
141581
141582
141583
141584
141585
141586
141587
141588
141589
141590
141591
141592
141593
141594
141595
141606
141607
141608
141609
141610
141611
141612
141613
141614
141615
141616
141617
141618
141619
141621
141622
141623
141624
141625
141626
141627
141628
141629
141630
141631
141632
141633
141634
141635
141636
141637
141638
141639
141640
141641
141642
141644
141645
141646
141647
141648
141649
14165
141650
141651
141652
141653
141654
141655
141656
141657
141658
141659
141660
141661
141662
141663
141664
141665
141666
141667
141668
141669
141670
141671
141672
141673
141674
141675
141676
141677
141678
141679
141680
141682
141683
141684
141686
141687
141688
141689
141690
141691
141692
141693
141695
141696
141697
141699
141700
141701
141702
141703
141704
141705
141707
141708
141709
141710
141711
141712
141713
141714
141715
141716
141717
141718
141719
141720
141721
141722
141724
141727
141729
141730
141731
141733
141734
141735
141737
141738
141739
141740
141741
141745
141746
141747
141748
141749
141750
141751
141753
141754
141755
141756
141757
141758
141759
141760
141763
141764
141765
141766
141768
141769
141770
141771
141772
141773
141775
141776
141777
141778
141779
141780
141781
141782
141783
141784
141785
141786
141787
141789
141790
141791
141792
141793
141794
141795
141797
141798
141800
141801
141802
141803
141804
141805
141806
141807
141808
141809
141810
141811
141812
141813
141814
141815
141817
141818
141819
141820
141821
141822
141823
141824
141825
141826
141827
141828
141829
141830
141831
141832
141833
141834
141835
141836
141837
141838
141839
141840
141841
141842
141843
141844
141845
141846
141847
141848
141849
141850
141851
141852
141853
141854
141855
141856
141857
141858
141859
14186
141860
141861
141863
141864
141870
141871
14188
14191
14201
142034
142037
142044
142045
142244
142249
14225
142271
142273
142277
142281
142289
142294
14236
14240
142408
142418
142421
142497
14250
142506
142507
142508
142512
142514
142516
142517
142518
142522
142523
142524
142526
142527
142528
142529
142530
142531
142532
142533
142534
142536
142537
142544
142548
142559
14257
142570
14260
142606
142608
142609
142610
142611
142612
142613
142614
142615
142616
142617
142618
142619
142620
142621
142622
142623
142624
142625
142626
142627
142628
142629
142630
142631
142632
142633
142634
142635
142636
142637
142638
142639
142640
142641
142642
142644
142645
142646
142647
142648
142649
142650
142651
142652
142653
142655
142656
142657
142658
142659
142660
142661
142663
142664
142665
142666
142667
142668
142669
142670
142671
142672
142674
142675
142676
142677
142678
142679
142680
142681
142682
142683
142684
142685
142686
142687
142688
142689
142690
142691
142692
142693
142694
142696
142697
142698
142699
142700
142701
142702
142703
142704
142705
142706
142707
142708
142709
142710
142711
142712
142713
142714
142715
142716
142717
142719
142720
142721
142722
142723
142724
142725
142726
142727
142728
142729
142730
142731
142732
142733
142734
142735
142736
142737
142738
142739
142740
142741
142742
142743
142744
142745
142746
142747
142748
142749
142750
142751
142752
142753
142754
142755
142756
142757
142758
142759
142760
142761
142762
142763
142764
142765
142766
142767
142768
142769
142770
142771
142772
142773
142774
142775
142776
142777
142778
142779
142780
142782
142783
142784
142785
142786
142787
142788
142789
142790
142791
142792
142793
142795
142796
142797
142798
142799
14280
142800
142801
142802
142804
142805
142806
142807
142808
142809
142810
142811
142813
142814
142815
142816
142817
142818
142819
142820
142821
142822
142823
142824
142825
142826
142827
142828
142829
142830
142831
142832
142833
142834
142835
142836
142837
142838
142839
142840
142842
142843
142844
142845
142846
142847
142848
142849
142850
142852
142853
142854
142856
142857
142858
142859
142860
142861
142862
142863
142864
142865
142866
142867
142868
142869
142870
142871
142873
142874
142875
142876
142877
142878
142879
142880
142881
142882
142883
142884
142885
142886
142887
142888
142889
142890
142891
142892
142893
142894
142895
142896
142897
142898
142899
142901
142902
142903
142904
142905
142906
142907
142908
142909
142910
142911
142912
142913
142914
142916
142918
142919
142920
142921
142922
142923
142924
142925
142926
142927
142928
142929
142930
142931
142932
142933
142934
142935
142936
142937
142938
142939
14294
142940
142941
142942
142943
142944
142945
142946
142947
142948
142949
14295
142950
142951
142952
142953
142954
142955
142956
142957
142958
142959
14296
142960
142961
142962
142963
142964
142965
142966
142967
142968
142969
142971
142973
142974
142975
142976
142977
142978
142979
142980
142983
142985
142987
142988
143
14300
143009
143010
143011
143018
14309
14310
14311
14313
14314
14317
143172
14319
14320
14323
14324
14325
14326
14327
14329
14331
14332
14335
143447
143448
143449
143463
14350
143544
14355
143560
143561
143562
143564
14357
14358
143586
14360
143606
14361
143610
143612
143631
143632
143637
143638
143639
14364
143640
143641
143658
143676
143679
143683
143726
143728
143729
143921
14393
143945
14403
144080
144206
14425
144320
144340
144349
144353
144358
144371
14438
14439
144397
144399
14440
144400
144401
144402
144403
144409
14441
14442
14443
144430
14444
14445
14446
144467
14448
14449
14451
14452
14453
14456
14460
14461
14462
14463
144656
144675
14469
144727
144728
144731
144732
144734
144735
144736
144737
144738
144746
14475
14482
144845
14488
144898
14490
144900
144903
144904
144905
144911
144913
144918
144920
14493
144933
144964
144965
144967
144969
144970
144972
14498
144991
145
145133
145137
145141
145181
145204
145205
145215
145216
145222
145223
145225
145226
145227
145229
145230
145231
145232
145233
145234
145235
145236
145238
145251
145252
145253
145256
145257
145258
145259
145260
145263
145266
145270
145271
145273
145275
145277
14530
14532
14535
14539
145401
145403
14542
14545
145457
145516
145522
145546
145558
14556
14561
145661
145664
145673
145676
145677
145678
145681
145682
145683
14572
14574
145805
145807
145808
145815
145823
145827
145830
145832
145839
145840
14586
145907
14591
145923
14594
14598
14601
146079
14619
14620
14624
146272
146282
146283
14630
146323
14634
14644
146440
14647
14650
14655
146556
146559
146589
146601
14664
146645
146648
14668
146683
146688
146691
146692
146693
146694
146696
146701
14675
14677
14684
146856
146857
146858
146859
14686
146860
146864
146865
146866
14687
146875
146877
146878
14688
14690
14691
146929
14693
146930
146931
146939
14694
146942
146943
146944
14695
146953
14696
14698
147004
147006
147007
147008
14701
147012
147013
147018
147019
147020
147025
147028
14703
147031
147032
147035
147049
14705
147052
147053
147054
147055
147056
147057
147059
147061
147062
147063
147064
147065
147066
147067
147068
14707
14710
14711
14713
147140
147149
14721
14732
14734
14737
14740
147419
147508
147611
147613
147614
147615
147617
147622
147623
14763
147635
147637
147653
14766
14768
147688
147689
147712
147876
147877
14788
147884
14790
14792
14794
14796
14797
14799
14803
148031
148043
148047
14809
14811
14817
148215
14825
148255
148263
14827
14831
148322
148323
148326
14833
148330
148337
148338
148339
148340
148341
148342
148343
148344
148345
148346
148347
148348
148349
148350
148351
148353
148354
148355
148357
148358
148361
148362
148363
148364
148365
148367
148368
148369
14837
148370
148371
148372
148373
148374
148375
148376
148377
148379
148380
148383
148384
148385
148387
148388
148389
148390
148391
148394
148396
148401
148403
148404
148409
148410
148411
148413
148419
14845
14848
14849
14850
14852
14854
14855
148554
14856
14859
14861
14865
148690
148691
148698
148802
148858
148859
148867
14896
148994
148995
148997
149018
149019
149020
149021
149022
149023
149024
149025
149027
149029
149031
149032
149034
149035
149036
149038
149039
149044
149045
149047
149048
149049
149050
149051
149052
149075
149081
149084
149085
149086
149088
149091
149094
149096
149104
149107
149490
149541
149551
149577
14959
149632
14968
149681
149682
14970
149709
149711
149715
149716
149717
149719
149720
14973
149753
149776
149777
149778
149798
149799
149846
149847
149849
149851
149852
149966
149973
149975
149979
150038
150054
150057
150058
150059
150063
150072
15010
150101
150104
150109
15012
150128
15014
150145
150152
150153
150406
150426
150574
15065
15066
15069
15073
150738
150739
15074
150740
15075
150768
150769
150770
150773
150774
150788
15079
150795
150802
150806
150817
150819
150827
150828
150830
150832
150834
150845
150849
15085
15086
15089
15092
150960
15098
150999
15101
15103
151034
151037
151038
15104
151047
151048
15105
15106
15107
151072
151079
15108
151080
151081
151082
151084
151085
151086
151088
151089
151090
151091
151093
151095
151096
151097
151098
151099
151101
151102
151108
15111
151113
151115
151116
151118
151120
15113
151146
15118
15132
151348
151358
151359
151387
151398
151423
15144
151443
151446
151451
151454
151457
151461
151463
151507
151509
151510
151512
15152
151548
151549
151561
151564
151565
151599
15170
15179
151849
151891
151892
151893
151894
151895
151896
151897
151898
15190
151900
151901
15192
151988
151991
152015
152017
152018
152019
152033
15211
15215
15221
15230
15233
15239
15243
152437
152451
152452
15251
15254
15260
152666
152712
152724
152747
15279
152833
152836
152839
152840
152846
152849
152850
152851
152856
152859
15287
15291
152924
152925
152926
152927
152928
152929
152930
152931
152932
152933
152934
152936
152937
15297
153
15303
15305
153181
153194
153239
153244
153246
153248
153249
153252
153254
153503
153504
153508
153512
153513
153514
153515
153516
153517
153518
153519
15352
153520
153522
153523
153524
153527
153528
153530
153531
153532
153535
153536
153537
153538
153539
153541
153579
153591
153627
153629
153633
153685
153709
153797
153798
153799
153801
153925
153964
153965
153968
153969
153972
153976
153981
153993
15401
154012
154022
154037
154054
154055
154057
15406
154064
154065
154066
154067
154096
154121
154140
154141
154235
154236
154237
154238
154240
154242
154243
154245
154246
154252
154253
154271
15432
15436
154369
154371
15441
154481
15449
154495
154496
154501
154502
154503
15451
154517
154518
154519
154520
154524
154526
154527
154528
154529
15453
154530
154531
154545
15456
15457
15460
15462
154623
154632
15465
15468
15475
15477
154795
154811
15486
154922
15496
15499
155
155055
155185
155212
155215
155251
15527
15532
155360
15538
155385
155386
15542
155429
155439
15545
155499
155500
155501
155502
155503
155504
155505
155506
155507
155508
155509
15551
155510
155511
155512
155574
155615
155621
15576
15577
15579
15586
15588
155912
155913
155921
155939
15594
155943
155949
155958
15596
155960
155964
155965
155966
155968
155988
15606
156072
156073
156098
156194
15622
156297
156318
156397
156406
156407
156410
156414
156437
156442
156446
156448
156450
156451
156452
156465
156487
156523
156524
156525
156526
156538
156565
156574
156575
156596
156607
156608
156615
156619
156622
156876
156887
15692
15698
157007
15701
157021
157022
157049
15705
157056
15708
157108
157113
157115
157116
157117
157118
157123
157124
15714
157142
15716
157162
15717
15720
15721
15722
157221
157257
15726
15728
15730
15731
15732
15737
157405
15741
15742
15744
157441
15748
15751
15760
15762
157657
157662
157663
157666
15767
15768
15769
15771
15773
15776
15779
157927
157928
158
1580
15800
158013
158015
158016
15803
15804
15805
15809
158097
1581
15810
158100
158101
158104
15812
158137
15814
158167
158168
158169
15817
158170
158171
158172
158173
158174
158175
158176
158177
158178
158179
15818
158180
158182
158183
158184
158185
158186
158187
158188
158189
158190
158191
158192
158193
158194
158195
158196
158197
158198
158199
158200
158201
158202
158212
158216
158222
158238
158239
158240
158244
158245
158246
158247
158249
158259
15826
158260
158261
158262
158265
158272
158276
158293
158296
158305
158309
158322
158333
158337
158352
158356
158370
158382
158393
1584
158409
158411
158430
158431
158433
158434
158472
158473
158475
158496
15860
158607
158608
15863
158638
158687
1587
15876
158772
158778
158779
158786
15879
158793
158794
1588
158809
158921
158956
158977
158978
158979
158980
158981
158982
158983
158988
15901
15906
159063
159069
159070
159071
159072
159073
159074
159075
159076
159077
15908
159080
159081
159082
159083
159084
159085
159086
159087
159089
159090
159091
159093
159096
15910
159103
159105
159106
159109
159110
159113
159115
159136
159146
159147
15926
159287
1593
15930
159360
159378
15941
15945
15947
15949
1595
15952
159534
159536
159537
159538
159542
159544
159549
15955
159551
159552
159553
159660
159661
159683
159684
159686
159687
15969
159722
159741
159770
15978
159842
159864
159874
15988
159880
159891
1599
15993
15999
16
160
160015
160017
160029
160030
160031
160032
16004
16005
160076
160088
160095
1601
16012
16014
160142
160144
160160
160161
160171
160172
160173
160174
160175
160176
160194
160216
160229
160230
160235
160236
16035
16041
16042
16045
1605
16052
161
16127
16134
16137
16141
16143
16144
16146
16147
16151
16156
16159
16160
16162
16166
16169
16171
16174
16177
16179
16183
16188
16192
16197
162
16200
16205
16207
16212
16218
16223
16228
16231
16234
16237
16241
16246
16250
16253
16257
16261
16275
16290
16293
16295
16298
16303
16305
16307
16309
16312
16313
16316
16319
16321
16324
16327
16329
16333
16336
16340
16343
16347
16354
16355
16359
16362
16365
16367
16370
16373
16375
16376
16385
16386
16389
16393
16394
16397
16398
164
16402
16405
16417
16434
16439
16447
16451
16473
16485
16487
16488
16489
16490
16492
16494
16495
16496
16497
16499
16502
16512
16539
16542
16544
16545
16549
16551
16554
16557
16558
16560
16564
16568
16571
16579
16584
16589
166
16600
16617
16620
16622
16629
16633
16636
16648
16659
16682
16733
16758
16760
16769
16772
16776
16777
16779
16780
16782
16783
16785
16788
16790
16791
16794
16797
16799
16800
16802
16803
16812
16815
16818
16821
16823
16825
16828
16830
16831
16834
16837
16840
16858
16958
16959
16963
170
17052
17161
17165
17183
17203
17209
17212
17213
17215
17221
17227
17229
17235
17236
17240
17244
17251
17255
17257
17261
17265
17267
17272
17280
17287
17292
173
17301
17306
17308
17313
17315
17326
17335
17340
17343
17362
17435
17459
17465
17472
17490
17497
17501
17517
17518
176
17646
17681
177
17701
17841
179337
179452
17962
17964
17971
179712
179714
17977
179783
17981
17984
17988
17996
179969
179970
179977
179999
18000
180024
18006
18007
18010
18013
180135
18014
18015
18019
180198
180200
180204
180205
180206
18022
18026
180284
180298
180307
18031
18035
18038
180395
18040
180403
18042
180423
18046
180489
180495
180496
180497
180498
18050
180516
180532
180536
18054
180545
180555
18061
180648
180656
180664
180671
18069
180709
180711
180722
180740
180742
18075
180750
180751
180788
180789
180791
18081
180814
180815
180875
180876
18089
180897
180921
180974
180975
180976
180977
181
181034
181036
181064
181065
181067
18111
18114
181145
181151
181173
181313
181314
181315
181316
181317
181318
181319
181320
181321
181322
181323
181338
181339
181352
181384
181387
181388
181405
181406
181408
181453
181460
181478
181521
181557
181558
18161
181615
181616
18166
18170
181702
181716
181719
181720
181737
181740
18175
181777
182
18202
18204
182104
182105
182149
182202
18235
182375
182379
182381
182410
18251
182513
182567
18257
18260
182605
18264
182642
182672
18268
182681
18270
18272
18273
18274
182760
18278
18279
182790
18281
18282
18284
18286
18287
182871
182872
18290
18292
182927
18293
18296
182965
18298
183
18300
183006
18301
18303
18304
183043
18306
18307
183072
183073
183075
183077
183083
18309
18310
183104
183109
18314
18324
183257
18327
183279
183283
18329
183293
1833
18334
18337
183372
1834
18340
183417
18344
18347
18351
1836
18366
1837
1838
18389
183893
183894
1839
1840
184003
18410
18412
18415
18416
1842
184241
18432
184321
184324
184325
184326
184361
184371
184372
18438
184406
18454
184601
18461
184616
184617
184636
184638
184641
184660
184661
184665
184668
184669
184672
18468
18472
18473
18474
18475
18495
184986
184991
184992
184993
184994
184995
184996
184997
185
185001
185003
185004
185005
185007
185009
185094
185102
185109
185111
185114
185149
185164
185165
185166
185185
1852
18522
185222
1853
185357
185358
1854
185441
185495
1855
1856
185619
185651
185727
185775
1858
185801
185805
185806
185811
185819
18582
185829
185832
185833
185839
185844
185849
18585
185850
185851
185905
185909
185910
185911
185913
185963
18602
186047
186048
18605
18607
186081
18609
186091
186098
186110
18616
186311
186313
186314
186315
186316
186319
18632
186320
186321
18635
186356
186387
186398
1864
186400
186401
186402
186405
186406
186407
186411
186415
186417
186418
18642
186425
186427
186430
18645
186452
186453
186454
186455
186456
186457
186458
18649
18653
18661
186637
186642
186659
18667
186684
186722
186784
18679
186832
18684
18685
18686
18688
1869
18692
18695
18698
18699
187050
187051
187069
1871
18722
1873
18734
18739
1874
18743
18748
1875
18750
18751
187511
187515
187528
18753
18754
187542
187543
187545
187548
187554
187556
18756
18757
18765
187659
18770
187703
187708
18773
187831
187871
18797
188003
18806
18811
18814
188177
188179
18819
18820
18822
18825
18827
18828
1883
18831
18833
18834
18835
18837
18840
18841
18843
18844
188440
18845
18846
18848
18849
1885
18850
18852
188537
188559
188629
18868
18873
18874
18876
18879
18882
18883
188835
188838
18887
18891
188965
18897
188974
188989
1890
18900
18901
189131
189152
189219
18928
189285
189286
189287
189293
189294
18945
18947
1895
18950
18951
189597
189598
18960
189600
18962
18966
18967
18969
1897
18971
189715
18972
18973
189731
18976
189775
18979
189790
18983
18986
18988
18993
19
1900
19006
19016
19018
19020
19021
19023
19026
19027
190349
190351
19037
19040
190405
190409
190415
190422
190434
190436
190440
19045
19048
1905
19052
19055
19058
19061
190647
190648
19066
190666
19069
1907
19072
190729
19075
19078
19079
1908
19080
19081
19083
19085
190856
19086
190874
19091
19092
19094
19096
19098
191
19101
19103
191116
19116
19118
191183
191184
191185
19119
191195
191212
191214
191248
191321
191323
19137
1914
19144
19146
19148
191491
191507
191509
19151
191513
191564
191566
191567
191599
19163
19165
19169
19172
191727
191750
19189
191956
191957
191958
191959
191961
191962
1920
19200
19202
19204
19205
19215
19216
19218
19220
19221
19224
192263
19227
192270
192272
192276
192278
192279
19233
19236
19237
19244
19247
19252
19253
19257
19259
19260
19262
19267
19268
192691
19270
192708
19271
192727
19278
192781
19283
19286
192873
192874
192876
192877
192878
192879
192881
19289
192899
192960
192961
192969
192973
192975
192976
192977
192978
192979
19298
192980
192982
192983
192984
192985
192986
192987
192988
192990
192991
192995
192998
192999
193000
193001
193002
193003
193004
193006
193007
193008
193009
19301
193010
193011
193012
193013
193014
193015
193016
193017
193018
193019
193020
193021
193022
193023
193025
193026
193027
193028
193029
193031
193042
193043
193044
193045
193046
193047
193048
193049
193050
193051
193053
193054
193055
193056
193057
193058
19306
193060
193061
193062
193063
193064
193066
193067
193068
193069
193070
193071
193078
193082
193106
193112
19312
193121
193123
193144
193145
193146
193147
193148
193149
19315
193150
193151
193152
193153
193154
193155
193156
193157
193158
19318
19322
19324
193241
193242
193243
19326
19331
19333
19336
193362
19339
193391
19341
193417
193420
193423
19343
193444
19346
19347
193475
19352
193545
19355
193574
193595
19362
19366
193660
193664
193826
193827
19386
193872
19389
193898
193926
193929
19405
1941
19411
19415
194155
194163
19420
194205
194207
19423
19425
19428
1943
19432
19435
194394
19440
19442
19444
194522
194547
19459
194605
19464
194657
19471
194711
194713
19475
194755
194756
194773
19479
1948
19484
19497
19500
19502
19503
19508
19511
19516
19520
19529
19531
19534
19537
195381
19539
195392
195393
195394
195395
195396
195397
195398
195399
19540
195400
195401
195402
195403
195404
195405
195407
19542
19543
19545
195453
195461
19547
19548
1955
19550
19551
19553
195530
19554
195555
195557
195560
19557
19559
19561
19562
19564
19565
195665
19567
19569
19570
195722
19573
195732
19575
19583
19584
19586
19587
19590
19593
19602
19603
19605
19606
19608
19609
19612
196169
196170
196175
19618
19621
19624
19626
196262
196282
196296
19630
196322
196323
196324
196327
196328
19633
196332
196336
196346
196347
196348
196349
196350
196352
196354
196356
196359
196370
196372
196373
196375
196393
196395
196398
19640
196400
196402
19643
196434
196435
196436
196437
196446
196447
196448
196449
19645
196450
196451
196452
196453
196454
196455
196456
196458
196459
196460
196461
196462
196463
196464
196465
196466
196467
196468
196469
196470
196471
196472
196474
196475
196476
196477
196478
196479
196480
196481
196482
196483
196484
196485
196486
196487
196488
196489
196490
196491
196492
196493
196494
196495
196496
196497
196498
196499
19650
196500
196501
196508
19653
19655
19658
19662
196656
19668
19673
196732
196735
196823
196863
196864
196873
196928
19693
19696
1970
19702
19705
19708
197080
19710
19714
19717
19718
19723
19730
19732
19734
19739
19740
197424
19746
19750
19752
19755
197566
19757
197570
19763
19766
197714
19777
1978
19786
197866
1979
197933
198027
198077
19812
198126
198317
198318
198319
19832
198320
198337
198345
1984
198427
198428
198468
19853
19862
198636
1987
198711
19883
198859
19887
198874
198899
198902
198905
198906
198907
198908
198910
198915
198916
198917
198918
198919
198948
1990
19900
19906
19913
19915
1992
199227
199228
199230
199231
199232
19924
19926
19935
1995
199526
19954
199559
19956
19960
19962
19963
199635
199636
199637
199638
199639
199640
199642
199643
199644
199645
199646
199647
199648
199649
199650
199651
199652
199653
199654
199655
199656
199657
199658
199659
19966
199660
199732
19977
199774
199775
199801
199804
19983
199854
19987
199872
20
20000
20004
20007
200088
200091
20010
20013
20015
200157
20016
200162
20019
20022
20025
20029
20035
20037
20040
20050
20052
20053
20055
200644
200658
200659
20067
20069
200696
200697
200698
200699
200700
200701
200703
200704
200707
200764
20078
2008
201
2010
2011
201142
20121
20141
20142
20144
20146
20148
20153
20155
201554
201555
20159
2016
20160
20162
20165
20170
20172
20174
201864
20191
20198
20199
20210
202142
202143
202145
202146
202148
202149
202159
202160
202161
20217
20220
20223
20233
202340
20238
202387
20239
202425
202430
202431
202468
20249
202575
20260
20275
20276
20278
20290
20292
20295
20296
202971
202975
20321
203321
203323
203330
20335
20338
20352
203585
203631
203672
203695
203700
20373
2038
20383
20392
2040
20401
20407
2041
20419
20431
20432
20434
20435
204350
20436
20437
2045
204583
204584
204585
204586
204587
204588
204589
204613
204686
20472
20474
20475
20477
20478
20479
20480
20481
20482
20483
20484
20485
20486
20487
20488
204891
20490
20491
205
20508
20518
205221
20523
20526
20529
20530
20534
20535
205408
20541
20542
20545
20556
2056
205665
2057
20574
20579
2058
2059
20597
20598
2060
20600
20601
20604
20609
2061
20620
20626
206290
206292
2063
206344
20647
20654
206652
20669
2067
20675
206785
2068
20684
20686
20688
20692
20697
20699
20700
20701
20703
20705
207088
20729
207316
20732
207321
2075
2077
207740
207742
207789
207801
207826
20784
20792
207939
207950
207951
207952
207991
2080
20803
20805
20807
208078
20810
20814
208143
20817
20819
2082
208200
20821
208227
208228
208229
20823
208235
20825
20827
208272
20832
20844
20847
208516
20856
20859
20861
20865
20887
2089
20895
20898
2090
20900
20904
20908
2091
20910
20913
20915
20917
2092
20927
20931
20933
20936
20938
20943
20948
2095
20952
20958
2096
20960
209623
209624
20969
209692
2097
20971
20972
20977
20979
209868
209881
20992
20994
209942
209945
209969
20997
20999
210032
210033
210036
21006
21009
2101
21012
21015
21019
2102
21020
21023
21024
2103
21030
210336
210344
210345
210346
21035
210350
210351
210352
210353
210354
21036
21037
21038
21039
2104
210472
210482
210484
210511
21052
21058
21059
2106
21061
21062
21065
21066
210676
210677
21068
21075
210760
210767
21077
21078
210783
21080
21082
210828
210830
21085
210854
21087
21088
210893
2109
21090
21092
21095
21098
21101
21103
21104
21108
2111
21110
21113
21117
21120
21122
21123
2113
21130
21133
21138
2114
21145
21164
21165
21177
21180
21187
211879
211880
21189
21202
21205
21207
21208
21211
21212
21214
212168
21217
2122
21220
21221
212217
21224
21226
21228
21230
212300
212301
21232
212377
212379
21238
21239
21241
21244
21246
21247
21248
21249
212492
21251
21252
21257
21260
21262
21263
21264
21266
21269
21272
21274
21276
212764
21278
21280
21281
21282
21283
21284
21285
21288
21291
21292
21293
21295
21296
212961
212967
212969
212976
212977
212978
212979
21298
212980
212981
212982
212983
213
21300
21304
21305
21306
21308
21309
21310
21313
21314
21315
21317
21319
2132
21323
21325
21327
21329
21332
21333
21335
21339
21340
21341
213428
21344
21346
21348
2135
21351
21354
213541
21355
21357
2136
21361
213633
213639
21364
21365
21366
21369
21372
21373
213732
21374
21375
213758
21379
21382
21385
213882
2139
21390
21393
21394
21397
21398
21399
21400
214015
21403
21404
21406
21407
214077
21408
21409
2141
21410
21411
21413
21418
21423
21426
214263
214268
214269
214279
2143
21430
21431
21433
21436
21438
2144
21445
21448
21449
21450
21451
21452
21453
21454
21457
21460
21462
21463
21465
21467
21471
21481
21483
2149
21493
21496
21497
21499
215011
215012
21502
21503
21508
215100
21511
21514
21515
215159
21517
21518
2152
21521
21522
21523
21524
21526
21530
21531
215319
215327
21533
21535
215377
215379
21538
2154
21540
21541
215417
21546
21549
21550
21551
215522
215529
21553
21555
21557
21558
21559
2156
21561
21562
21563
21564
21567
21571
21572
21574
2158
21583
21585
21588
21591
215914
215915
215916
21594
21596
21597
21599
21600
21603
21604
21605
21607
216084
21609
21610
21612
21613
21616
21617
21618
21619
2162
21622
21623
21625
21626
21627
21628
21629
21631
21632
21634
2164
21642
21644
21648
21650
21652
21653
21654
21655
21658
2166
21660
21662
21667
21668
21670
21672
21677
21678
21679
216794
21680
21681
21682
21683
21685
21687
2169
21691
21692
216950
21697
21698
21701
21702
217045
21706
21707
2171
21710
21712
21713
21717
21719
21720
21721
21724
21729
217295
21731
21732
21734
21737
21738
2174
21740
21741
217410
21744
21745
21746
21749
2175
21752
217534
217536
21754
21761
21766
217666
217675
2177
21772
21776
217770
21779
2178
21782
21787
2179
21790
21791
21804
21806
21807
218072
21809
21811
21814
21821
21836
21839
2184
21845
21846
218462
218464
21848
21850
21852
21855
21857
21860
21861
21862
21864
21865
21867
21868
21869
21871
21872
21873
21876
21878
2188
21881
21883
218848
21885
21887
21889
21891
218914
218916
21893
21895
21896
21901
21902
21905
21907
219077
219078
21908
2191
21910
21912
21914
21915
21917
21919
21921
21923
21924
21925
219254
21926
21927
21929
219297
219298
219299
21930
219300
219303
21932
21934
21935
21937
219378
21938
2194
21940
21942
21945
21946
21947
21948
21949
21950
21951
21952
21954
21958
21959
21961
21963
21964
21965
21967
21970
21974
21976
21977
219798
21980
21982
21984
21985
21986
21991
21993
219955
21996
21998
22
22001
22002
22003
22005
22008
22009
22010
22012
22013
22014
22015
220159
22016
220161
22017
22019
22028
22032
220320
220328
220371
22038
2204
22040
22046
22048
220485
220487
2205
22051
22052
22054
22057
22059
220595
220607
22069
220729
220732
22075
220750
220751
22076
22078
22083
22085
22092
22106
22107
22112
22114
22115
22116
221163
22118
221187
22129
22153
22166
22168
221685
22170
221701
221702
221703
22173
22174
22181
22183
22188
22193
22194
22195
22197
221975
22200
222002
222003
222013
22202
22203
22205
22207
22210
22212
22215
22216
22219
222191
22220
22222
22225
22226
22229
2223
22231
22232
22235
22248
222568
22257
22263
22270
22272
22275
22278
222827
22283
222831
222839
223
223042
22306
22309
22316
223184
223190
223217
223218
223219
223220
22327
22329
22333
223355
223362
22337
22338
22343
22348
22350
22354
223564
223565
22357
22361
22366
22373
22379
22380
223800
223801
223802
223803
223807
223813
22382
22385
22391
224014
22409
22410
224215
224437
224438
224439
224440
224441
224442
224443
224444
224445
22450
22452
22454
224582
224583
224584
224585
224586
224587
224588
224589
22459
224591
2247
22472
22475
224894
22490
22495
22496
22498
22500
22503
22506
22509
22513
22517
22522
22525
22527
22531
22546
2255
22557
22566
22569
2257
22570
22573
22574
22576
22584
22586
22591
22596
22599
22601
22607
226147
226148
22615
2262
22620
226217
226218
226219
226221
226222
226223
226224
22624
22626
22630
22636
22642
22645
22646
22648
22651
22653
226550
22656
22657
22661
22681
226873
22706
22708
2271
22711
227120
22715
22718
2272
22722
22725
22729
2273
22732
22735
22737
22740
22744
22745
227479
227480
227483
22753
227532
227534
227552
2276
227615
22768
22771
22777
22782
22784
2279
227989
22800
22807
22808
2282
22820
22824
228285
2283
228313
22832
228379
228382
22857
22859
228592
228593
228594
228595
228596
228597
228598
228599
22860
228600
228601
228602
228603
228604
228605
228606
22862
22866
2287
22870
22871
22882
22884
22888
228884
228885
228886
228887
228888
228889
228890
228891
228892
228893
228894
228895
2289
228933
22894
22899
22900
229007
22903
22905
229057
229059
229060
229092
229112
229113
229114
229115
229116
22912
229127
229128
229129
22913
229130
229131
229132
229133
229134
229135
229136
229137
229138
229139
229140
229141
229142
229143
229144
229145
229146
229147
229148
229149
22915
229150
2292
22921
22934
22938
22946
2295
2296
2298
229830
2299
229963
229964
229965
229969
23
2301
23019
23022
2303
23030
230333
230342
230470
2306
23075
23078
23081
23091
23093
23095
230956
23112
23119
23122
23124
23126
23144
2318
23198
23204
2321
23217
2324
23276
23279
2328
23285
23297
2330
233126
23322
23331
23333
23334
23336
233437
233439
23344
233440
233441
233442
233443
23347
23351
23354
23355
23357
23360
23363
23366
23369
23372
23380
23383
23391
23393
23397
23400
234000
23403
23406
23409
23412
23416
23418
2342
23422
23425
23437
2344
23443
234450
234471
23452
234687
234781
23480
23481
23486
234877
23491
23497
23499
23500
23502
235029
23504
235046
23506
23519
23529
23531
23532
23535
23538
23539
23540
23542
23546
23548
23550
235541
235544
235545
235546
235547
235548
235549
23555
235550
23556
23565
23566
235667
23574
23579
23602
23603
23604
236098
23614
23623
23627
23628
2363
23632
23637
23640
23642
23645
23650
23651
236656
23667
23671
236779
23682
23685
23686
236866
23687
23692
236975
23703
23711
237132
23719
23732
23736
237363
237551
23756
23773
23776
23780
23781
23788
23791
23793
237935
23800
23805
23809
23813
23827
238272
23829
238293
23830
23845
238481
23853
238552
238553
238554
23856
23868
23872
238739
23879
23883
238832
23895
238969
23898
239
23902
239035
23905
23909
23912
23915
23920
23935
239353
23938
23941
23944
23946
23947
23953
23963
239643
239656
23970
23972
23981
23982
23983
23985
23987
23989
239899
23992
24
24001
24009
24030
240348
24036
24040
24053
24057
24060
24090
24092
24093
24095
24096
24097
24098
24099
24101
24102
241027
241043
24105
24108
24109
24115
24127
24132
24134
24138
24140
24143
24146
24154
24161
241618
24163
24174
24181
24186
241995
242
242058
24214
24222
24244
242449
24245
24248
24250
24253
24262
243064
24315
24320
24342
24357
24361
24364
243810
24385
24387
243872
243885
24389
243996
24409
24437
24443
24446
24458
2446
24463
24470
24474
24478
24489
244909
244910
244911
244912
245
24515
24517
24521
24539
24548
24549
2457
24573
246
24601
24610
24631
24632
24640
24642
24644
24645
24647
24650
24674
24677
24681
246812
24684
24690
24696
24703
24704
24707
24711
24712
24728
24732
24739
24746
24751
24756
24778
24779
24781
24786
24790
24794
24800
2481
2482
248303
248304
2484
24855
248557
248727
248927
2490
24901
24903
249049
249050
249051
249052
249053
249054
249055
249056
249057
249058
249059
24906
249060
249061
249062
249063
249064
249065
249066
249067
249068
249069
24908
24911
24913
24927
24932
24935
2495
24972
24976
25
250
2500
25015
25023
2503
25048
25055
25059
2508
25091
25093
25099
25102
25104
25105
25108
2511
25110
251131
25115
25117
25129
25164
2517
25173
25178
25181
25182
25183
25185
25199
252
25201
25207
25210
25214
25221
25222
25226
25230
25231
25239
25242
25245
2525
25271
252737
25278
25279
2528
2529
25293
253
25311
25312
25316
25317
25319
2532
25322
25329
25330
25332
25335
25337
25348
25349
25354
25357
25361
25364
25367
25370
25373
25374
25376
25379
25382
25384
25385
25388
25389
25392
25395
25398
254
25401
25404
25407
25417
25426
25432
25434
254342
25436
25437
25440
25446
25450
25469
25472
255
25552
25568
25582
256
25613
25650
25655
25658
25667
256795
256943
25700
25731
25737
25740
25743
25749
25750
25752
25753
25756
25760
25762
25770
25774
25778
25781
25787
25790
257989
25806
2581
25810
25812
25818
25825
2583
25832
25838
25845
258490
25853
25854
25857
25858
25865
25866
25872
25884
259
259345
25958
25960
259606
259636
259637
25964
259721
25974
25982
260045
26006
26016
26023
260381
260506
2606
26091
26139
26142
261474
26149
26188
26189
261904
262
262065
262066
262067
262068
262069
262072
26215
26217
26218
26219
262227
262422
262426
262429
262509
262794
26313
26327
26368
263702
263706
263711
263712
264694
264799
264818
264821
264822
264829
264833
264834
264837
264846
264847
264849
264855
264856
264858
264860
264863
264873
26498
265059
265263
265417
265418
26562
26577
265940
26605
26615
26617
266210
26647
26650
266774
266781
26684
26686
26693
26698
266991
266992
266993
266997
26703
26706
26709
267090
26715
26716
26726
26728
267436
26752
267656
267657
267658
267659
267660
267661
267662
267663
267664
267665
267666
267667
267668
267670
267671
267672
267673
267689
267690
267691
267692
267693
267694
267695
267696
267697
26770
267707
267708
267709
267710
26775
267752
267753
267754
267755
267756
267763
267764
267765
267768
267769
26777
267775
267776
267784
26780
267809
267820
267821
267834
267835
267836
267840
267841
267845
267846
267847
26786
267862
267864
267865
267866
267867
267873
267875
267876
267884
267886
267887
26789
267896
267897
267898
267909
267910
267911
267912
267913
267914
267915
267916
267917
267918
267919
267934
267935
267936
267937
267938
267939
26794
267940
267942
267943
267950
267951
267952
267953
267954
267955
267956
267957
267958
267959
267960
267961
267962
267963
267964
267965
267973
267974
267975
267976
267977
267978
267979
26798
267980
267981
267982
267983
267984
267985
267999
268053
268054
268055
268065
268076
268077
268078
268079
268080
268081
268082
268083
268085
268086
268087
268088
268104
268105
268106
268107
268108
268109
268110
268111
268112
268113
268114
268115
268116
268117
268118
268119
268120
268121
268122
268123
268124
268125
268126
268127
268128
268129
268130
268131
268132
268133
268134
268154
268155
268156
268157
268158
268159
268160
268161
268162
268163
268164
268165
268166
268167
268168
268169
268170
268171
268172
268173
268174
268175
268176
268177
268178
268179
268180
268181
268182
268183
268208
268209
268210
268211
268212
268213
268214
268215
268216
268217
268218
268219
268225
268227
268231
268232
268233
268234
268235
268286
268289
268320
268322
268349
268350
268351
268352
268360
268364
268365
268368
268369
268370
268371
268372
268373
268374
268375
268381
268382
268383
268384
268407
268408
268409
268410
268411
268412
268413
268414
268469
268470
268471
268472
268473
268474
268475
268476
268477
268482
268483
268485
268486
268488
268524
268525
268526
268527
268528
268529
268530
268531
268532
268533
268534
268535
268536
268537
268547
268548
268549
268558
268559
268560
268561
268562
268563
268564
268565
268566
268567
268568
268569
268570
268571
268572
268573
268574
268575
268576
268577
268578
268579
268580
268581
268582
268583
268584
268585
268586
268589
268590
268591
268592
268593
268594
268595
268596
268613
26862
268620
268663
268666
268667
268709
268715
268716
268718
268720
26873
268764
268768
268770
268777
268797
268800
26882
268822
269
269143
269144
26939
26953
26955
269805
26990
26993
26999
27
270002
27003
27006
27009
27012
27024
27027
270343
27042
27047
27057
27083
27126
27134
27138
271417
271418
27147
27148
27150
271556
271557
271558
271559
271560
271561
27157
2716
27160
27162
27163
27170
27182
271886
272035
272037
272061
27217
27227
27231
27234
272589
272594
272694
2728
27281
2729
27307
273081
27309
27310
27318
273340
27344
27346
2736
27382
27388
27390
27400
27403
27404
27415
27435
27497
27504
27506
27507
27509
27512
27514
27517
27521
27523
27527
27530
27533
27537
27541
27544
27547
27550
27553
27556
27559
27562
27565
27571
27572
27573
27576
27579
27580
27581
27583
27585
27586
27587
27589
27590
27591
27593
27595
27597
27598
27599
27600
27602
27604
27606
27607
27608
27609
27611
27613
27615
27616
27617
27619
27621
27622
27625
27627
2766
27667
27669
27671
27695
27696
277
27703
27707
27715
27721
27731
27747
277539
277540
277541
277542
277543
277544
277545
277547
277548
277549
277550
277551
277552
277553
277555
277556
277557
277558
277559
277560
277561
277562
277563
277565
277566
277567
277568
277569
277570
277575
27764
27777
27819
27844
27847
27849
27852
27870
27873
27875
27878
27880
27881
27884
27885
27888
27889
27894
27900
27906
27920
27925
27939
27941
27943
27944
27947
27949
27953
27954
27957
27958
27960
27962
27964
27967
27971
27975
27978
27980
27981
27983
27984
27986
27987
27989
279901
279903
27991
27992
27993
27994
279945
279946
279947
279948
279949
27995
27997
28
28000
280024
28004
28007
28012
28014
28015
280194
28021
28031
28039
28086
280905
281
28102
28106
28109
2811
28110
28112
28123
28125
28128
28136
28143
28144
28146
28150
28158
28161
28163
28170
28173
28176
28192
28197
28199
282
28202
282029
28203
282030
282031
282033
282034
282035
282036
282037
28208
28216
28221
28224
28227
2823
28234
28237
28240
28243
28246
28249
28253
28257
28260
28263
28266
28271
28274
28277
28279
28283
28286
28289
28290
28292
28293
28297
283
28300
28302
28304
28307
2831
28311
28313
28316
28317
28319
28321
28323
2833
28338
28341
28347
28348
28350
28351
28354
28355
28358
2837
2839
28405
28407
28410
28412
28417
28423
28426
28430
28444
28454
28455
2848
28485
28487
28491
28544
28560
28594
28598
286
28623
28637
28641
28662
28685
28687
28689
28690
28692
28695
28696
28699
28702
28742
28750
2876
2879
2881
28813
28825
28826
28830
28849
2885
28853
28857
28860
28862
28868
28874
28875
28876
28885
28888
2890
28909
2892
28952
28961
2897
2899
28997
29004
29009
29022
2903
29039
29057
2906
29060
29062
29065
2907
29080
29082
29084
29090
29093
29095
29096
291
2910
29100
29107
29110
29116
2912
29126
29133
29136
2914
29148
29149
29151
2916
29165
29169
29173
2918
29187
29189
29194
2920
29203
29204
29207
29213
29215
2922
29220
29223
29224
29226
29229
29230
29231
2925
29253
29256
29262
2927
29271
29274
29277
29280
29283
2929
29290
29292
29298
29305
29309
29313
29317
2932
2934
2935
2937
29377
2938
29385
29392
29395
29398
2940
29401
2941
29410
29416
29431
29446
2946
2947
2948
29490
2953
2956
2959
29614
2962
2965
2971
29715
29719
29723
29726
29728
2973
29730
29763
2977
29771
2985
2986
2988
2994
2995
29953
2997
29979
30
3000
3003
3004
3007
30095
3010
30113
3012
30132
3014
30147
3015
30153
30156
30159
3016
3017
30184
30186
30191
30195
3020
30214
30215
30218
30236
3025
30258
30263
30266
30268
30270
30272
30275
3028
30280
30283
30284
30288
30289
30292
30293
30295
30298
3030
30301
30304
30307
3031
30310
30318
30326
3035
30352
30354
30358
30361
30365
30368
30374
3039
30410
30413
30415
30427
3043
30445
3045
30459
3046
30463
30473
30477
30481
30494
30495
30498
3051
30533
3054
30540
30590
30595
30598
3061
30618
30629
30631
30656
30661
3068
30688
3070
30701
30709
30739
3083
30899
30901
30905
30925
30928
30931
30934
30936
30937
30941
30944
30945
30948
30949
30951
30953
30954
30957
30959
3096
30961
30964
30969
30973
30975
30976
30977
30978
30979
3098
30980
30985
30986
30990
30991
30998
31001
31003
31007
3101
31010
31012
31015
31018
3102
31021
31025
31030
3104
31046
31049
3105
31052
31055
31148
31165
31173
31176
3122
31222
31232
31233
31235
31238
31243
31245
31248
31251
31285
31289
31321
31322
3137
3140
31415
3142
31421
31433
3145
31467
31476
3149
31513
31519
31568
31571
31577
31581
31585
31613
31615
3163
31640
31648
31654
31667
31671
31672
31686
3169
317
3174
31753
31778
31797
31809
31811
31813
31816
31819
31827
3183
31882
31884
3189
31892
319
3190
31923
31929
31935
31938
31945
31948
31950
31953
31955
31968
31988
32
320
32049
3205
32057
32060
32064
32075
32091
32094
32096
32099
321
32109
3215
32150
32192
32197
322
32261
32264
32276
32285
32291
32295
323
32300
32304
32324
32339
3235
3237
32372
32388
32391
324
3242
32423
32432
32440
3245
32453
32458
32472
32477
325
32501
32502
32511
32532
32536
32538
32539
32545
32546
32552
32553
32554
32555
32557
32561
32567
3257
32570
32591
326
3261
32623
32626
32631
32634
32639
3264
32640
32643
327
32724
32740
3275
32753
32756
3276
3278
328
32810
3284
329
32945
32962
33
330
33043
33046
33053
33057
33079
33084
33092
33098
331
33118
33151
3316
332
33212
33222
33231
33249
33255
33276
3330
33319
3333
33386
33395
33398
33401
33406
33409
33412
33415
33421
33424
33426
33449
3346
335
3354
33552
3356
33563
33566
336
3368
337
33750
3376
33772
33786
3379
338
3386
3388
3389
339
3392
33933
33936
3394
33942
33945
33949
33964
3397
33975
33997
34
340
3400
3403
34058
3406
34061
34075
34078
34096
341
34116
34119
3412
34135
34137
34139
34164
34171
34177
34188
3419
34195
342
34215
3422
3425
34262
34263
34264
34277
3428
34286
343
34306
34309
34314
34316
34329
3433
34333
34337
34351
344
34425
34432
3446
34461
34497
345
34501
34504
346
34611
34620
34627
34634
34659
34680
347
3476
3479
348
34802
34822
34837
34840
3486
34873
34883
34888
3489
34893
349
3493
3495
34963
34966
34969
34973
3498
350
3504
3507
351
3510
3513
35149
3515
35155
35157
3518
35180
35184
352
3521
35226
35229
3524
35259
35262
3527
35280
35294
353
3530
3532
35320
35323
3535
35355
35361
35364
35367
35376
35381
35384
354
35427
3544
3546
35464
3548
355
3550
3551
35513
35522
35536
3554
35546
35554
35556
3556
3558
356
35603
35616
3562
3565
35652
3568
35686
35688
35689
35690
35692
357
35716
3572
35723
35743
3575
35751
3576
35766
35770
35783
3579
358
3580
35809
3582
3583
35839
3585
35853
35860
3587
35876
3588
359
3590
35907
3592
35942
35948
3595
35957
35963
35970
3598
35984
36
360
36002
36003
36004
36007
36009
3601
36010
36018
36020
36024
36027
36028
3603
36030
36031
36033
36035
36036
3605
3606
36063
36076
36078
3608
36082
3609
36092
36095
361
36100
36104
36106
36109
3611
36112
36115
36119
3612
36120
36126
36127
36130
36132
36134
36135
36138
3614
36151
3616
36169
3617
36171
36173
36175
36176
36178
36180
36182
36184
3619
362
3621
3623
3624
36261
3627
36278
3628
36284
3629
36297
363
36300
36303
3631
36315
3632
36325
3636
36380
3639
364
3641
3642
36427
3643
3645
36459
36492
36495
365
36505
36508
36519
3652
36525
36536
36550
36555
36597
366
36609
36616
36618
36620
36623
36626
36627
36629
36630
36631
36634
36637
36640
36643
36645
36647
36648
3665
36651
36654
36656
36657
36660
36662
36665
36667
36670
36673
36674
36678
36691
36695
367
3671
36715
36720
36743
36748
3675
36758
36761
36764
36768
36771
36775
36778
3678
36781
36784
36787
3679
36792
368
36812
36828
36835
3684
36840
36848
3687
3688
36883
369
3690
36919
3692
36923
36937
3694
36941
36943
36947
36951
3696
36960
3697
3698
36994
36999
370
3700
37007
37011
37017
3702
37029
3705
3706
3708
37097
371
3711
3714
3717
3719
372
3720
37208
3721
3723
3726
3727
3728
373
3731
37339
3734
37343
37347
37358
3737
37395
37398
374
3740
3742
37423
3744
37448
3746
375
3750
3752
37522
37525
3759
376
3762
3766
3767
37677
37688
3769
37692
377
3771
37716
37722
37725
37729
37741
37743
3776
3778
37792
378
3780
37817
3788
3789
379
3794
3796
3799
38
380
3800
3802
3803
38098
381
3810
38106
3816
38164
38174
3818
38183
3819
38192
382
3823
3827
383
3833
3836
3839
384
3842
3843
38445
38460
38464
38467
3847
385
3852
3855
38550
3858
386
3860
3866
38666
38683
387
3870
38728
38744
3875
3876
3879
38790
388
3882
3885
38852
38859
38861
38865
3888
389
38908
3891
38919
38930
38945
3895
38977
3898
38983
3899
390
3901
39020
3903
39038
39052
3906
39068
39070
39087
3909
39092
391
39106
3913
39135
39146
39157
3916
39170
39173
39177
39179
39182
392
3920
3922
39266
39269
3927
39277
39278
39282
39283
39290
393
3930
3932
3934
3936
39361
39365
3938
39380
39385
394
3940
3943
39433
3945
39468
39479
3948
3949
39496
395
39508
39510
3952
39534
3954
39542
39554
39560
3957
3958
3961
3963
39636
3964
39644
39652
3968
39690
39691
3971
3973
39736
39774
3978
3979
3981
3984
39851
3988
3989
3991
39912
3993
3994
39954
39961
39962
39964
3997
3998
3999
39998
40
4000
40003
4002
40033
40041
40048
40053
4006
40063
4007
40072
4008
4009
4011
40120
40123
40127
4013
40130
4014
40157
4016
40162
40164
40166
4017
4019
4021
4022
4024
4027
4029
4034
40345
40351
40355
4036
4037
4038
40381
40388
4039
40392
4041
4042
4043
40438
40441
4046
4047
4049
4050
40507
4051
4053
40549
4055
40558
4056
4057
4059
40593
40599
40612
4063
40652
4066
4067
4069
40707
40708
40710
40711
40724
40725
4075
4076
40769
4078
40787
4081
40820
40826
40834
40838
4086
40863
40866
40871
40879
40885
40887
40889
4089
40891
40894
40897
4090
40902
40905
4091
4092
4093
4094
4095
4097
40992
40998
4100
4102
4103
41033
41036
41051
41054
4107
41095
41098
4110
4112
4115
41159
4116
41170
4118
4120
41208
4121
41211
41217
41259
41270
41310
41315
41316
41319
41357
4139
4140
41409
41412
41413
41415
41418
41421
41424
41426
41428
4143
41431
41434
41437
41440
41443
41445
41448
41449
41450
41453
41456
41459
4146
41462
41464
41467
41469
41472
41476
41480
41482
41485
41488
4149
41491
41494
41505
41506
41508
41509
41512
41515
4152
41528
41534
4155
41579
4159
41596
41600
41602
4161
41612
41618
41622
41625
41628
41629
4163
41630
41631
41635
41638
41639
41645
4165
41652
41659
41663
41665
41666
41669
4167
41674
41711
4172
41720
4176
4181
4182
4183
41840
41865
41876
4190
41906
41910
41913
4193
4194
41941
4196
41961
41989
4199
41998
42
4200
4201
42020
4203
42039
4206
42068
42072
4208
4211
4212
42137
4214
42146
42149
4215
42155
4216
42163
42165
42166
42169
4217
42178
42181
42185
42187
42190
42195
4220
42206
42213
42218
4223
42230
42232
42236
42245
42249
4225
42250
42252
42262
42265
42271
42277
4228
42281
42286
42289
42292
42295
42304
4231
4234
4236
4237
42371
42379
4239
42390
42411
42416
4242
42442
4245
42450
42454
42457
42467
4248
42508
4251
42539
4254
42543
42545
4256
42566
42589
42596
42598
42600
4261
42610
4264
42646
42655
42660
42663
42666
42668
4267
42671
4270
42701
4272
42733
42735
4274
42743
42747
42753
42755
4276
4277
4278
42780
42786
4280
4281
4282
4283
4285
42854
42879
4288
4289
42899
4290
42900
4292
4293
42949
4295
4297
4299
4300
43000
4302
43033
43060
4307
43074
43079
4308
43097
4310
43101
4311
43119
43129
4314
43145
43148
4315
43150
43153
43156
4316
43162
43165
43169
43173
4318
4319
43192
43196
43198
43200
43201
43204
4321
43211
43219
4322
4323
43233
43237
4324
43244
43247
4325
4326
4327
4328
4330
43301
43305
4331
43326
43329
4333
43332
43335
43337
43340
43346
43350
43353
43356
43362
43365
43368
43370
43373
43377
4338
43382
43384
43385
43393
43397
4340
43400
4341
4342
4343
4346
4349
4352
43523
43527
4355
43554
43564
4357
43576
4358
43580
43583
43587
43594
43595
43596
43607
4363
4367
43672
4368
43683
43686
43690
43693
43697
4370
43700
43704
43708
4371
43711
43714
43718
43719
43721
43724
43726
43728
43729
4373
43735
43736
43739
4374
43743
43748
43751
43757
4376
43761
43764
43768
43771
43778
4378
43784
4379
43797
43803
43806
43809
4381
43811
43815
4382
43820
43827
43830
43837
4384
43846
43847
4385
43857
43860
4387
43880
43883
43886
43889
4389
4390
43908
43915
43916
43917
43919
4392
43921
43922
43924
43925
43926
43927
43929
43930
43931
43932
43933
43934
43937
43939
4394
43942
43943
43945
43947
4395
4397
43975
43985
4399
44
4400
44010
44015
44017
44018
4402
4404
4405
4406
44063
44065
4407
4409
44091
44098
4410
44101
44106
44107
4412
4413
4415
4416
44164
4418
4419
44196
44206
44209
4421
44213
4422
44226
44234
4424
44241
44244
4425
44259
4426
44262
44265
4427
44270
44272
4428
44284
4429
44294
4430
44315
4432
44329
4433
44332
44336
4434
44343
44351
4436
4437
4439
4440
44409
4441
44415
4444
44446
4445
4447
4449
44493
4450
4453
44537
44538
44559
44577
44584
44608
44614
44617
44659
44739
44741
44742
44743
44744
44747
44749
44750
44752
44765
44775
44777
44782
44810
44816
44817
44826
44828
44829
44831
44854
44867
44886
44892
44895
44899
44900
44901
44911
45003
45022
45041
45046
45048
4508
4511
4516
45202
45205
45208
45240
45243
45254
45257
45267
4527
4528
4529
4530
45309
45316
45317
45320
45321
45323
45327
45330
45333
45336
45339
45342
45345
45348
45349
45350
45352
45353
45356
45358
45360
45363
45366
45369
45372
45374
45377
45379
45380
45382
45385
45388
45392
45395
45398
454
45401
45404
45407
45408
45415
45425
45447
45449
45453
45459
45464
45494
45501
45504
45507
45511
45514
45516
45517
45521
45522
45573
4558
4561
45619
4565
45675
4568
45681
45684
45687
45690
45693
45696
45699
45701
45705
45710
45712
45715
45717
4572
45726
45729
45732
45733
45735
4574
45741
45744
45747
45749
4575
45750
45756
45759
45761
45762
45765
45769
45772
45774
45777
45780
45785
45788
45789
4579
45791
45808
4582
45829
4583
45838
45884
45892
4590
4592
45945
45956
45959
4596
45963
4599
46
4601
46015
46092
46100
46102
4613
46136
46140
46153
46157
46163
46175
46181
46195
462
46212
46218
46223
46224
46230
46237
46240
46241
46245
46247
46248
46249
46253
46261
46263
46267
46271
46276
46280
46284
46289
46295
463
46304
46308
46314
46321
46353
46356
46357
46359
46365
46370
46373
46382
46383
46387
46388
46389
46393
464
46423
46429
4643
46435
46466
4649
4652
46626
46632
46642
4678
46782
46789
46792
4680
4683
4687
46870
4689
4690
4692
4693
4697
4698
4700
4702
4703
47042
47048
4705
4706
4707
4708
47089
47094
4711
47113
47136
4714
47143
47146
4715
47153
47159
47163
47166
47168
47169
4717
47171
4718
47181
4719
4722
4726
47283
4729
4733
4736
47369
47398
4740
47403
47407
4741
47411
47417
4744
4747
4749
4750
47506
47510
47522
4753
4756
47578
4758
47582
47588
47590
47596
47599
4760
47601
47604
47609
47612
47615
4763
4765
47661
47669
47686
4769
4770
47704
47714
4772
47723
47724
4773
47737
47741
47742
4775
4776
4779
47805
47808
47811
47815
4782
4783
4786
4788
4789
4791
47947
47953
47958
4796
47961
4798
48
4801
4804
4805
48058
48064
48067
48071
4809
48092
4810
4813
48130
48132
48136
48147
4815
4816
4817
48188
4819
48195
4820
48204
48207
48215
4822
48232
48244
4825
4828
48307
4833
4835
48353
4838
4840
48431
4844
4847
48532
48535
48542
487
48701
48706
48715
48719
48724
48741
48754
48755
48758
48762
48766
48769
4877
48773
48774
48776
48779
48782
48785
48835
48844
4887
48881
48898
48931
48945
48948
48950
48956
4896
48960
48968
48970
48971
48974
48977
48978
48980
48981
48982
48983
48984
48991
48992
48994
48996
49
49000
49006
49009
49011
49016
49025
49028
49029
49035
49037
49043
49049
49050
49051
49052
49053
49055
49056
49057
49058
49059
49060
49061
49062
49063
49068
49080
49088
49090
49093
49094
49095
49096
49098
49099
49100
49101
49102
49103
49104
49105
49106
49108
49141
49146
49151
49155
49174
49180
49188
49195
49198
49202
49208
49217
49220
49222
49225
49229
49244
49261
49271
49276
49296
49303
49309
4931
49312
4933
49336
49355
49356
49364
49367
49384
49387
4939
4942
49421
49422
49425
49436
49438
49439
495
49525
49555
49603
49609
4961
49615
49618
49625
49629
49631
49636
49643
49651
49660
49661
49664
49667
49670
49673
49676
49678
49681
49691
497
49701
49702
49740
49743
49770
4982
49843
49846
49860
49878
49879
49884
49896
49966
49969
49974
49975
50
50005
50014
50025
5006
50093
50142
50146
50155
50158
50163
50174
50176
50195
50203
50214
50215
50216
50217
50221
50223
50226
50241
5025
50252
50259
50262
50264
50267
50270
50276
50282
50300
50306
50309
50314
50330
50336
50390
50397
50403
5041
50419
5043
50458
5049
50496
50552
50557
50569
50576
50578
5066
50678
5069
50718
50721
50764
50808
50874
50884
50886
50890
50896
50900
50905
50909
50921
50923
50932
50935
50983
50993
51000
51002
51075
51094
51100
51110
51125
51130
51139
51144
51164
51185
51194
51195
512
51233
5125
51263
51265
51270
51272
51274
51277
51280
51282
51285
51288
51290
51294
51309
51333
51370
51371
51373
51374
51377
51379
51381
51386
51389
51395
51399
51417
51423
51425
51430
51432
51435
51450
51498
5150
51503
51504
51507
51510
51514
51516
51520
51521
51526
51535
51536
51541
51577
51582
51585
51592
51595
516
51686
51698
51719
51724
51753
51764
51767
518
51809
51811
51815
51822
51825
51827
51833
51834
51840
51843
51845
5187
51877
51950
51995
51997
51999
52001
52005
52008
52010
52012
52015
52022
52025
52044
52053
521
52101
52108
52119
52127
52142
52163
52177
52180
52198
522
52201
52240
52246
52255
52260
52264
52271
52277
52283
52293
52296
523
52306
52319
52412
52560
52563
52639
52665
52668
52670
52674
52679
52687
52691
5271
52724
52730
52731
52733
52736
5274
52741
52743
52764
52766
52784
52787
52794
52803
52815
52819
52821
52822
52828
52832
52836
52838
5288
52898
5292
52928
52949
52972
52987
5304
53058
53061
53064
53067
53101
53104
53150
5316
53169
53173
53174
53175
53177
53194
53196
532
53213
53228
53231
53246
53276
53279
53282
53294
53297
53301
53303
53306
53311
53317
53488
5349
53495
53511
53517
53520
53523
53526
53529
53532
53535
53541
53542
53544
5355
53558
53563
53576
536
5366
5370
53707
5371
5379
53799
540
5407
54071
5410
5437
54509
54510
54512
54515
54518
54520
54522
54524
54526
54528
54529
54531
54533
54536
54538
54540
54541
54544
54592
5460
54614
54617
5462
54708
54723
54748
54802
54813
54815
54820
54821
54823
54842
54848
54865
54870
54880
54883
54918
54931
54933
54937
54964
55001
55006
55008
55017
5502
55024
55033
55036
55038
55040
55071
55090
551
5511
5513
55134
5515
55184
5519
55199
5520
55205
55213
55218
5522
5524
55249
5529
55290
55297
55320
55330
55336
55338
5534
55341
55380
55394
55415
55420
55425
55441
55494
55507
55515
5554
55544
55550
55553
55556
55565
5558
55595
5562
55621
55655
55692
55706
5571
55710
55731
55753
55765
5578
55787
55790
55796
55798
55803
55814
55821
5583
55833
55836
5585
55870
55873
55876
55879
5588
55882
55887
55905
55906
5591
55936
5594
5597
55983
55990
56
560
5600
5602
5604
5606
56072
5608
56081
56087
56095
561
5610
56102
56103
56104
5611
56122
56133
5614
56142
5616
56166
56169
5618
5621
56236
5624
5627
5630
5632
5635
5638
5639
5642
5644
56464
5648
5650
5653
56556
5656
5658
566
5660
5664
56658
5667
56670
56686
5669
56690
56691
56695
56697
56698
567
56700
56701
56726
5673
56731
56746
5676
56767
56769
5678
56797
56799
5681
5684
56842
56862
56893
56905
5692
56931
56940
5695
5697
5700
5701
5702
5704
57048
57049
57050
57051
5707
57077
57080
57088
5709
57090
57094
57096
57097
57098
57099
57100
57102
57109
57110
57111
57113
57124
57125
57130
57137
5714
57148
57163
5717
57191
57209
5721
57215
5723
5726
57260
57271
57277
57278
57280
57283
57284
5729
5735
5739
5741
5744
57461
57462
57470
5748
5750
5752
5755
5758
576
5761
5764
57652
57654
57678
57681
5770
57705
5773
5775
57757
5776
5779
57791
57819
5782
57829
57850
57854
5795
57987
5799
57996
58
5802
58024
5805
58050
58052
58053
58075
58095
581
58135
58156
58159
58180
58184
5821
58262
58275
5828
58283
5830
5834
58397
58399
58412
58423
5844
58440
58441
58443
5848
58483
58521
58540
58542
58543
58574
58575
58576
58653
58659
58661
58698
58702
58772
58786
58828
58835
58839
5888
58887
5890
58900
58904
58933
58940
58979
58984
59002
59004
59006
59080
591
5911
5914
5919
592
5921
59281
593
5932
59385
59388
594
5943
59440
59442
59446
59448
59450
59455
59461
59464
59466
59471
59487
59491
595
5951
5954
59541
596
59672
59674
59676
59678
59680
59682
59684
59686
59689
5969
59691
59697
59699
59702
59704
59706
59708
59710
59712
59714
59772
59774
59779
59784
59787
59798
59809
59815
59817
59823
5983
59832
59834
59837
59843
59847
59856
59858
59874
59891
59894
59897
59904
59908
59909
59912
59914
59916
59921
59927
59938
59940
59944
59956
59960
59969
59971
59974
59989
59990
59996
59999
60
60002
60005
6002
60026
60031
60044
6005
60050
60063
60079
60084
6009
6013
60198
60203
60205
60208
60209
60211
60235
60239
6028
60294
60302
60306
60318
60333
60339
60348
60367
60376
6039
60390
60405
60426
6044
60444
6050
60503
60506
60508
60514
60531
6054
6058
6061
60627
60639
60645
60649
60650
60656
60665
60688
60691
60692
60694
60697
60700
60719
6072
60726
60743
60745
60748
60750
60752
60755
60757
60760
60792
60799
60804
60809
6081
60810
60812
60819
60826
6083
6085
60855
60866
60867
6087
60877
60878
60889
60898
60929
60935
60948
60954
60957
60960
60968
60973
60995
61000
61014
6102
61022
61038
6104
61049
61068
6107
61073
6108
61081
6109
6110
61108
61112
61117
61125
61128
61136
61139
6114
61141
61146
6115
61158
6116
6117
61204
6122
61220
6125
61275
61279
6128
6135
61353
61354
61358
6136
61361
61366
61369
61392
614
61400
61403
61404
61407
6141
61410
61439
61483
61494
615
6151
61519
61544
61546
6155
61564
616
61600
61603
61606
61616
6163
61642
6165
61665
6167
61684
61687
61690
61694
617
6171
61713
61716
61724
61725
61727
6174
61741
6176
618
6180
61813
6182
61822
61834
61838
61852
61854
61856
61861
61880
61882
61883
61886
61888
61889
61892
61894
61898
61902
61905
61907
61910
61913
61914
61917
61921
61924
61926
61929
61932
61935
61938
6194
61941
61942
61944
61946
61947
61950
61952
61955
61957
61960
61963
61964
61965
61966
61968
61969
6197
61970
61973
61974
61976
61978
61979
6198
61982
61983
61988
61990
61992
61996
61999
62
62001
62003
62006
62008
6201
62012
62014
62017
62021
62022
62023
62025
62028
6203
62033
62034
62039
62041
62042
62044
62047
62050
62053
62056
62058
62061
62063
62065
62066
62069
62075
62078
62081
62084
62085
62088
62090
62091
62092
62093
62094
62097
6210
62100
62103
62106
62112
62114
62144
62145
62149
62151
62155
62158
62162
62164
62165
62166
62168
62169
6217
62173
62181
62183
62184
6220
6223
62243
62260
62313
62324
62328
6234
6235
62356
62371
6238
62393
62394
62430
62432
6244
62450
62456
62460
6248
62497
6251
62523
62536
62553
62560
62565
62567
62569
62573
6258
62581
62583
62589
62598
62599
6261
62612
62614
62618
62631
6264
62660
62665
62669
6267
62681
62682
6269
62695
62698
6272
62735
62739
6275
62758
62767
6278
62783
62792
62797
628
62808
62809
6281
62811
62816
6283
62834
62850
62855
62862
62865
62869
62877
62897
62917
6292
62920
62926
62932
62936
62953
62954
62957
6296
6299
62995
62999
630
63000
63001
63007
63008
63015
63016
63019
63021
63022
63025
63028
63032
63036
63038
6304
63049
63056
63061
63064
63068
63073
63074
63079
63082
63085
63088
6309
63090
631
6312
63132
6314
63158
6317
63171
632
6320
63208
63214
6323
6326
6329
633
63307
63325
6333
6336
63392
6345
63458
63464
6348
63486
635
6352
63520
63525
63527
63533
63536
63546
6355
63554
63564
63574
63584
63590
6360
63616
63620
63622
6363
6364
63647
6367
6371
6376
63774
63784
6380
6382
6385
6386
63878
6394
63956
6397
640
64001
64007
6401
64026
64029
64030
64034
64037
64039
6404
64041
64043
64048
64053
6406
64061
64065
64068
64076
6409
641
6412
6414
6416
64165
64167
6419
6422
6429
6430
64304
64311
64312
64315
64318
64321
64325
6433
64330
64332
64334
64339
64349
64354
6436
64364
64370
64376
64378
64379
64389
6439
6441
64410
64415
64420
64435
64447
6445
64451
64457
64461
64467
64476
6448
64489
6449
64509
6451
64511
64514
64515
64520
64537
64546
64554
64560
6460
64603
6468
64686
6469
64700
6471
64715
64724
64729
64732
64736
64740
64745
64748
6475
64754
64797
64812
64818
64821
64828
64831
64850
64864
6488
64884
64913
64916
64920
64921
64935
64936
64938
64944
64950
64957
64979
64982
64984
64996
65
65000
65008
65011
65024
65049
65054
65089
65097
65141
65144
6516
65167
65170
65202
65208
65244
65290
65291
65295
65298
65303
65306
65309
65311
65328
6533
65344
65349
65353
65405
6542
65442
65458
65466
65479
65494
65509
65514
65520
65524
65527
65529
65532
65534
65541
65543
65546
65548
65555
65558
65561
65565
65570
65572
65575
65579
65581
65584
65586
65589
65592
65599
65602
65606
65609
65612
65618
65621
65627
65630
65632
65635
65638
65641
65647
65650
65653
65656
65658
65660
65664
6567
65670
65676
65678
65709
6576
65778
65795
6580
6581
65811
65814
65821
65825
65828
6583
65845
65847
65848
6585
65855
65863
65865
6587
65877
6588
65889
65892
65896
65902
65904
65908
65909
65911
65914
65916
65920
65922
65925
65930
65936
65937
65939
65940
65942
65967
65970
66
6602
66022
66028
66033
66035
66042
66046
6607
66094
66097
6612
66131
66134
66144
6618
66185
66196
66205
66214
66215
66226
6623
6624
66253
66258
66261
66264
66267
66269
66272
66275
66278
66281
66284
66286
66289
66294
66296
663
66303
66306
66309
66312
66315
66317
66319
66321
66323
66327
66330
66337
66340
66342
66347
6635
66350
66351
66356
66359
66361
66365
66376
66378
66382
66387
66392
66394
66397
66402
66405
66406
66414
66417
66420
66424
66427
66429
66434
66435
66438
66443
66446
66453
66457
66459
6646
66462
66465
66469
66472
66476
66479
66482
66486
66489
66492
66496
66500
66503
66506
66509
66512
66515
66519
6652
66526
6653
66532
66535
66539
66545
6655
66552
66555
66559
66561
66564
66567
66570
66574
66575
66577
6658
66580
66584
66587
66590
66593
66597
66617
66639
6666
66702
66703
66711
66713
66715
66718
66721
6673
66730
66733
66739
66742
66746
66749
66755
66762
6677
66773
6681
6683
66862
66865
66867
66869
6687
66871
66873
66880
66889
66892
66895
6691
6694
66945
66956
66958
66961
6699
67
67021
67031
67035
67037
67040
67042
67079
671
67166
67170
67172
67181
67194
6722
6725
6727
6729
67303
67306
6732
6733
67362
6737
67370
67374
67376
67380
67381
67385
67389
67390
67392
67394
67401
6741
67411
67413
67415
6742
67421
67432
67434
6744
67440
67444
67446
67448
67449
67456
67458
6747
67471
67477
67481
67483
67485
67486
67491
67493
67497
67500
67505
67508
67516
67530
67541
67543
67547
67549
67554
67565
67568
67571
67573
67576
67577
67579
67581
67583
67585
67586
67589
6759
67591
67592
67595
67597
67599
67601
67603
67606
67609
6761
67611
67612
67616
67618
6762
67620
67622
67623
67626
67628
67629
67634
67636
67638
67655
67657
67658
67661
67663
67664
67667
67669
67671
67673
67676
67678
67680
67682
67686
67688
67747
67748
6775
67751
67753
67755
67758
67783
67788
67791
67793
67795
67818
67819
67821
67823
67825
67827
67830
67832
67834
67837
67839
67840
67842
67845
67847
67849
6785
67850
67851
67853
67855
67858
67860
67861
67863
67865
67867
67869
67871
67873
67875
67878
67880
67882
67884
6789
6792
67923
67925
67928
6793
67931
67933
67935
67942
67944
67947
6795
67950
67953
67956
67959
67962
67965
67968
67971
67974
67977
6798
67980
67984
67996
68
68016
68022
68034
68038
6804
68041
68046
68049
6805
68053
68058
68061
68067
68070
68079
68084
68087
68092
68096
6810
68100
68104
68108
68112
68123
6813
6816
6819
68244
6826
6827
6831
6835
68362
68365
68369
68384
68388
68404
68418
68428
68433
68456
68508
6851
68511
6853
68547
68551
68553
6856
68565
68573
68576
68578
68580
68586
6859
68590
68593
68598
6860
68601
68605
68614
68615
68616
68618
6863
68637
68642
68648
6866
6869
6870
68703
68709
68711
6872
68721
68725
68727
68730
68735
6875
68758
6876
68764
68767
68769
6878
68783
68784
68792
68793
6880
68825
68830
6884
68846
68850
6886
68884
6889
68901
68908
6891
68913
68916
6892
68922
68925
68929
68931
68932
68934
6894
68957
68969
6898
68994
69003
69009
6901
69022
69025
69027
6903
69031
69033
69034
69036
6904
69041
69044
69048
6905
69053
69065
69068
6907
69070
69075
69076
69079
6908
69081
69083
69086
69088
69091
69094
6910
69109
6911
69137
69138
69139
69143
6915
69160
69165
6918
6921
6925
6928
69287
6931
6932
6934
6935
6940
6941
69442
69457
69467
6947
6949
6950
6952
6953
69533
69538
69541
6956
69576
6960
69619
6963
6964
69697
69699
69704
69714
69718
6972
69725
6974
6976
69763
69767
69780
6979
6980
6981
69816
69838
69840
69842
69843
69844
6985
69852
6986
6988
6989
69897
69901
69908
6992
6993
6998
6999
70
70003
70006
70008
7001
70014
70019
70059
7008
70118
70133
70134
70135
7017
7023
70252
70256
7032
70335
70337
70339
7034
70375
70377
70378
70382
70384
70386
70387
70399
70408
7041
70412
70413
70414
70417
70420
70422
70430
70435
70438
70443
70466
7051
70532
70592
70593
7066
7069
7073
70742
7076
7084
7091
70956
70958
70959
70960
70981
70982
70984
70986
70989
70990
70991
71
7101
71015
71018
7103
71070
71106
7111
7113
7114
71154
7117
71191
71199
7120
71201
71227
7123
71231
71236
7128
71284
71291
7134
71346
71400
7145
71479
7148
71498
71509
71515
71519
71521
71527
71532
71534
7154
71541
71543
71546
71548
71551
71554
71557
71559
7157
71573
71636
71637
71639
71640
71642
71644
71653
7167
7169
71694
71695
71707
71762
71765
71771
71777
71783
71828
719
71971
72
72032
72035
72040
72054
7208
72099
72107
72127
72153
72180
72183
72190
72193
72210
72211
72213
72214
72215
72216
72217
72218
72219
7222
72220
72221
72222
72223
72224
72225
7225
72291
72302
7231
72320
72358
72375
72380
72388
72396
72398
72399
72411
72443
72467
72509
72529
72534
72540
72541
72589
7260
72633
72662
72665
72667
72682
72684
72685
72711
72714
72715
72801
72845
72848
72850
72851
72855
72864
72871
72877
72882
72884
72896
72897
729
72911
72923
72953
73054
73058
73059
73100
73121
73147
73150
73201
73204
73216
73220
73224
73230
73236
73239
7324
73241
73244
73254
73256
73269
73363
73392
73395
73396
73397
73401
73404
73413
73414
73432
73433
73460
73506
7353
73538
7356
7358
7361
7364
7367
73683
73684
7371
73730
7374
7377
73795
7380
73800
73806
7383
73845
7385
7390
7391
7396
73987
74
74042
74048
7405
74059
74065
74072
7408
7411
74110
74120
74123
74127
7413
74140
74147
7415
74150
7416
74169
74180
74182
74184
74186
7419
74193
74207
74217
7422
74245
74249
7425
74325
7441
74432
74445
7448
7456
74600
74624
74630
74646
74657
7466
74662
74703
74716
74719
74723
74744
74747
74753
74800
74808
74811
7482
74828
74832
74843
74879
7489
74907
74909
74915
74917
74925
74927
7493
74932
74934
74965
74967
7500
75011
7503
75036
75040
75049
75052
75060
75063
75064
75066
75068
75075
75089
7509
75091
7514
7518
75190
7521
75238
75310
75317
75320
75330
7536
75361
7537
75374
75390
75392
75393
75409
7544
7545
75457
75458
75471
7548
75495
75507
75508
75509
75520
75521
75538
7556
75566
75568
75574
7562
75630
75633
75644
75645
7565
7566
75697
75708
7571
75710
7573
7575
7577
7578
7579
7582
7583
7584
75859
7586
7588
7589
75903
75905
75916
7592
75920
75927
7593
75930
7594
75946
75957
75974
7598
75980
75988
7599
75993
760
76002
7601
76013
7602
76021
7603
7604
76042
76043
76049
76056
76059
76060
76069
7607
76071
76077
7608
76080
76084
76092
761
7610
76102
76103
7613
76133
76134
7615
76166
7619
7621
76212
7622
7624
76243
7625
76256
7626
76267
76275
76279
7628
7629
76291
76295
76306
76307
7631
76313
76321
7633
7634
7635
7637
7639
76395
76432
76439
76440
76442
76453
76457
7647
7649
7652
76571
766
76630
76632
76634
76635
76645
7667
7668
76704
76707
7671
76745
76779
7681
76810
76816
76869
76874
76877
76879
7688
76881
76888
76890
76893
76899
7690
76900
7696
76969
77
77005
7701
77010
77015
77017
7702
77022
7703
77031
77036
7704
7707
77078
77079
7708
77083
77085
77090
77092
77095
77098
77101
77104
77106
77108
7711
77111
77114
77116
77119
7712
77123
77130
77135
7714
77145
7717
7718
7720
7723
7724
77261
77269
77274
7729
77297
7732
77322
77328
7733
77331
77333
77339
7734
77364
77366
77368
7737
77370
77371
77373
77375
77377
77379
77380
77382
77384
77386
77387
77389
77390
77391
77393
77395
77396
77398
77400
77402
77404
77406
77408
77409
7741
77411
77413
77415
77417
77419
7742
77421
77422
77424
77426
77428
77430
77431
77433
77435
77436
77437
77439
77440
77442
77443
77444
77445
77446
77447
77448
77449
7745
77453
77455
77457
77458
77459
77460
77461
77462
77463
77464
77465
77466
77467
77469
77471
77473
77475
77477
77479
77480
77489
7749
77491
77492
77494
77495
77499
77501
77503
77504
77508
77510
77511
77516
77575
7759
776
77603
77617
7763
7765
7766
77666
7768
77688
7770
77720
7774
77757
7778
77803
7781
7782
77845
77846
77848
77850
77853
77858
7786
77860
77862
77863
77865
77867
77869
77871
77879
7788
77881
77886
7789
7792
77921
7800
7808
7810
7815
78159
7816
78161
78165
7822
7824
78243
7825
78290
7830
7832
7833
78506
78507
78572
78579
78582
78591
78622
78623
78624
78866
78868
78877
78884
78886
78889
7889
78891
78901
78917
78919
78952
78958
78959
7896
78963
78965
78969
78972
78984
78995
78996
78998
79000
79002
79003
79004
79008
79010
79014
79018
7903
79037
79088
7909
79103
79121
792
7921
79219
79221
79231
79246
7925
79259
79261
79266
79273
79276
79287
793
79309
7931
79310
79311
79312
79313
79315
79318
79322
79332
79334
79336
7934
79343
79344
79345
79346
79347
79348
79349
79355
79360
79362
79364
79368
79370
79376
79384
79386
79392
794
79400
79401
79406
79410
79421
79426
79428
79433
79435
79443
79445
79449
7945
79457
79459
79461
79469
79470
79471
79472
79492
79493
79495
795
79504
79505
79507
79537
79538
79539
79541
79555
79563
7957
79572
79573
79574
79575
79578
79586
796
79620
79634
79716
79731
79744
79747
7975
79763
79765
79768
79774
79777
7978
79789
79796
7981
79810
79813
79816
79821
79825
79831
79833
79850
79854
79859
79861
79864
79893
79895
79896
79898
79901
79908
79911
7992
79947
79952
7997
79973
80006
80018
80019
80029
80031
80034
80036
80038
80039
80042
8006
80066
80071
80072
80073
80074
80077
80078
80079
80080
80082
80084
80087
80089
80091
80094
8012
80129
80137
80141
80158
8016
80161
80163
80165
80173
80174
80176
80188
80191
80192
80194
80205
80213
80214
80215
80257
80259
80336
8034
8037
80377
80378
80381
80382
80385
80387
80388
80403
8045
80460
80463
8047
80475
80478
80479
80480
80482
80499
805
8050
80510
80526
80530
80537
80538
80539
80540
80542
80546
80547
80548
80553
8056
80560
80567
80569
80570
80579
80586
80587
80589
8059
80594
80604
80606
80607
80608
80611
80612
80613
80614
80616
80621
80624
80627
80628
80629
8064
807
80720
80721
8073
80733
80735
80740
80742
80745
8076
80763
80764
80765
80777
80787
8081
80820
80830
8084
8085
80857
80861
80869
8087
80873
80878
80879
8088
80880
80882
80883
80886
80887
80888
80890
80891
80896
80898
80899
809
80901
80902
80903
80904
80905
80906
80912
80913
80914
80915
80916
80917
80918
8092
80922
80924
80928
8093
80932
80936
80938
80939
80940
80948
80958
8097
80970
80971
80974
80976
80979
80989
8099
80991
80997
81
81003
81004
81017
8104
81068
81072
81074
81079
81082
81111
8113
81162
81190
81192
81193
81196
81198
8121
81212
81220
8123
81248
81250
81266
8128
81291
81303
8132
81335
8135
8138
8141
8144
81446
81458
81462
81464
81466
81468
81469
8148
81483
81485
81489
81500
81501
81503
81505
81507
81509
81510
81512
81515
81516
81519
81521
81522
81525
81527
81528
81531
81533
81535
81537
81539
81540
81545
81546
81548
81551
81552
81555
81557
81558
81559
81561
81562
81564
81566
81568
81570
81572
81574
81576
81578
81584
81590
81592
81596
81598
81600
81608
81611
81613
81619
81620
81622
81624
81626
81630
81632
81645
81657
81659
81664
81668
81671
81673
81678
81680
81681
81683
81686
81688
81690
81698
81699
81701
81703
81705
81707
8171
81711
81719
81732
81734
81736
8175
81752
81756
81762
8177
81770
81774
81776
8178
81780
81782
81784
81786
81788
8179
81794
81796
81798
8180
81800
81802
81804
81810
81812
81814
81816
8182
81821
81825
81827
8183
81832
81836
81838
81842
81843
8185
81851
81854
81857
8186
81865
81868
8188
81883
81887
81889
81890
81892
81894
81898
819
8190
81900
81901
81903
81905
81907
81909
8191
81910
81914
81922
81924
81926
81929
8193
81935
8195
81965
81967
8197
81973
81976
81978
81989
81990
81991
81993
81995
81998
81999
8200
82000
82022
8203
82032
8204
82040
82042
82047
8205
82050
82054
82057
82059
82060
82064
82070
82071
82072
82077
82079
8208
8209
82092
8210
82104
82117
8212
82120
82149
82151
82155
82156
8216
82173
82174
82184
82187
82189
8219
82190
82192
82193
82194
82196
82198
82199
82200
82201
82203
82223
82224
8223
82240
82260
82262
82266
8227
82270
82274
82278
82280
82281
82287
82291
82293
823
82303
8231
82322
82324
82326
82330
82332
82337
82344
82346
82351
82355
82357
82359
82362
82377
82379
82381
82382
82384
82386
82392
82394
82396
824
82402
82403
82407
82411
82412
82414
82434
82435
82439
8244
82441
82451
82453
82455
82456
82461
82462
82481
8249
82491
82494
8250
82500
82505
82511
82512
82515
82521
82523
82529
82534
8254
82545
82547
82549
82558
82560
82562
82566
82568
82570
82572
82577
82581
82587
82591
82592
826
82607
82609
82611
82613
82616
82618
82621
8263
8268
82687
8269
827
8272
828
82854
829
8294
8295
830
83075
831
8315
83152
83154
8317
8318
832
8321
8325
833
835
83583
8360
83643
83644
83667
83668
8369
83725
8374
83758
83759
8378
83795
83797
838
83812
8387
83881
83883
83893
83897
839
8390
83917
83930
83950
8396
83996
83999
840
8402
84059
84061
84065
84070
84073
84074
84076
84085
84088
84096
84097
84098
84099
841
84100
84123
84140
84146
84154
84183
84185
84189
842
84219
84233
84240
84245
84247
84257
84259
84274
84276
84277
84278
84279
84289
84293
843
84306
84313
84316
84326
84329
84330
84331
84333
84335
84336
84337
84339
84341
8435
8436
84393
84398
844
84406
84408
84412
84420
84422
84424
84425
84443
84450
84458
84461
84465
84466
84467
84469
84471
84474
84476
84477
84481
84485
84488
84499
845
84502
84505
84506
84507
84508
84510
84513
84516
84520
84533
84546
84551
84553
84554
84556
84558
84560
84582
84584
84586
84587
84588
84590
84598
84600
84604
84606
84608
84610
84612
84614
84615
84617
84619
84621
84623
84625
84627
84629
84631
84633
84638
84639
84640
84643
84644
84648
84651
84653
84655
84657
84659
84663
84669
84675
84680
84688
84692
84705
84707
84709
84711
84730
84737
84744
84746
84749
8475
84751
84753
84755
84757
84758
84759
84761
84764
84767
84768
8477
84784
8480
84800
84808
84810
84829
84831
8484
8485
84859
84861
84866
84879
84885
8489
8490
84912
84938
84944
84952
84953
84959
8496
84961
84969
84972
84973
84978
84988
8499
84995
85
85001
85004
85007
85008
8501
85010
85012
85015
85017
85019
85020
85021
85024
85028
85029
8503
85030
85031
85032
85034
85035
85037
85039
85042
85044
85045
85046
85050
85051
85055
85058
85060
85061
85062
85063
85064
85065
85066
85067
85080
85082
85083
85084
85085
85088
85089
85090
85093
85095
85098
85100
85103
85105
85107
85109
85111
85113
85116
85117
85126
85128
85134
85139
85140
85141
85146
85147
85149
85153
85156
85165
85167
85170
85171
85172
85173
85174
85175
85180
85182
85185
85187
85191
85193
85196
85201
85203
85206
85208
85211
85217
85222
85225
85227
85232
85235
85236
85237
85238
85239
85242
85243
85245
85247
85250
85253
85259
85266
85269
85271
85273
85274
85276
85278
85279
8528
85282
85285
85287
85290
85292
85295
85297
8530
85301
85306
85310
85325
85328
85330
85333
85335
85341
85351
85352
85353
85357
85358
85361
85363
85365
85370
85375
85378
85385
85388
85390
85392
85395
85397
85398
85401
85405
85408
8541
85410
85413
85415
85418
85419
85420
85422
85423
85427
85429
85434
85438
85443
85445
85447
85451
85454
85456
85460
85462
85463
85464
85467
85469
85470
85472
85474
85476
85479
85484
85486
85488
85492
85495
85497
85499
85502
85505
85508
85512
85514
85518
85520
85521
85533
85536
85539
85541
85544
85546
85549
85552
85562
85566
85569
85571
85574
85579
85581
85584
85586
85590
85599
85601
85605
85611
85613
85614
85615
85617
85620
85621
85624
85628
85629
85634
85637
85639
85642
85646
85648
85649
85661
85663
85665
85671
85673
85680
85688
85692
85693
85696
85699
85701
85704
85711
85713
85714
85717
85718
85725
85726
85729
85730
85735
85758
85759
85766
85770
85771
85772
85774
85775
8578
85781
85782
85808
85811
85813
85816
85824
85825
85831
85832
85833
85834
85841
85847
8585
85863
85864
85866
85875
85908
8591
85915
85916
85918
85921
85922
85923
85925
85928
85933
85988
85996
86
86028
86033
8606
86066
86102
86116
8612
86131
86133
86135
86137
86138
86139
86140
86141
86142
86143
86144
86145
86146
86147
86148
86150
86151
86152
8616
86163
8617
86178
86181
86186
8619
86193
86194
86195
86196
86197
86198
86199
862
86201
86204
86206
86207
86208
86209
8621
86210
86211
86212
86213
86215
86216
86217
86218
8622
86232
86233
86234
86238
86259
86262
86263
86264
86265
86266
86267
86268
86269
86270
86271
86272
86274
86282
86284
86287
86288
86289
86290
86292
86293
86294
86297
86298
86299
863
8630
86308
86321
86323
86331
86337
86338
86340
86358
8636
86366
86374
86380
86387
86391
86395
864
86400
8641
86415
86418
86420
86421
86423
86431
86441
86443
86444
86445
86447
86451
86460
86467
86473
86477
86491
86508
86510
86547
8655
86589
86599
866
86605
86608
86613
8662
86622
86631
86636
86642
86645
86646
86658
86661
867
86703
8673
86732
86744
86747
86750
86754
86757
86759
86774
8678
86780
86787
86789
86836
869
86912
86913
86915
86917
86919
86921
86923
86925
86930
86931
86939
86945
86961
86964
86969
86971
86972
86973
86974
86975
86977
86979
86982
86983
86985
86988
86993
86996
86998
87
87000
87005
87008
87016
87017
87019
87021
87024
87029
87039
8704
87045
87054
87056
87063
87067
87083
87084
87088
87098
87106
87107
87111
87115
87116
87117
87118
8712
87120
87124
87126
8715
87159
87201
8723
87243
87247
8725
87263
87268
87269
87271
87272
87273
87275
873
8730
87308
87310
87327
8733
87372
874
8740
87415
8742
87425
87427
87429
87455
87458
8746
87460
87467
87479
8749
87515
8752
87531
8754
87541
87554
87564
8759
87599
876
87603
87607
8762
87627
87633
87637
87642
87643
87647
87650
87651
87652
87654
87657
87658
87659
8766
87663
87666
87669
87672
87676
8769
877
87714
8772
8775
87760
87763
8779
878
8783
8788
8789
879
8791
87918
8795
8799
880
8801
88050
88051
88052
88053
88054
8807
8808
881
8811
8813
8814
882
88202
8821
88214
8823
8824
88258
8827
88275
88277
88292
883
8830
88304
8832
88324
88351
8837
88370
88371
88372
88374
88384
88390
88393
88396
88397
88398
884
88401
88402
88403
88404
88406
88408
8841
88416
88419
88422
88425
88439
8844
88440
88449
8846
88463
88464
88473
88475
88490
88492
88495
88498
885
8850
88506
88513
8855
88554
88557
88576
88584
8859
886
88612
88619
8862
88629
88632
88635
8864
88677
88689
8869
88699
887
88724
8873
8875
88785
88789
88793
8880
88825
88830
8886
889
88902
8891
8892
88951
88953
88954
8896
88962
88966
88968
88973
88975
88977
88979
88986
88988
88989
8899
89
890
8900
8901
89011
89021
89033
89041
89043
89048
8905
8906
8908
89095
891
8910
8911
8913
89145
8915
89157
89191
89193
89194
89195
89196
89198
89204
89210
89227
8923
89236
8924
89240
89257
89259
8926
89275
8928
893
8930
8932
89328
8933
89338
89347
89349
8935
89352
89354
89356
89360
89362
89369
8937
89372
894
8940
89404
89407
8941
89416
8944
8945
89452
89461
89465
89468
8947
89470
89471
89473
89474
89475
89477
8948
89481
89483
895
89500
89503
89508
89509
8951
89514
89516
89518
89519
8952
89521
89524
8953
89532
8954
89540
8955
89554
8957
8958
89590
896
8961
89613
89626
8963
89630
89655
8966
8968
89685
8969
897
8971
8972
89728
89750
8976
89777
8979
898
8980
8981
8983
89836
89847
8985
89856
89858
8986
8987
89874
89877
8988
89882
8990
89904
89907
89909
8991
8995
8998
89984
9
90002
90004
90006
9001
90022
90024
9004
90045
90046
90048
90060
90061
90062
9007
90071
90085
9009
9011
90113
90123
9014
90146
90155
90157
9016
90178
9019
90193
90204
90207
9021
9022
90242
9025
90258
90267
9028
90285
90287
90295
90301
90303
9031
90316
90320
90324
90326
9033
90333
9036
9040
9043
90437
90452
90453
9046
90483
90488
9049
90513
9052
90522
90534
90536
9056
90578
9058
90582
90585
90589
9059
90596
9061
9065
9067
90689
90695
9070
9074
90756
9077
9080
90806
90808
90811
90817
90823
90830
90831
9084
90864
90866
90869
9087
90871
90874
90879
90881
90884
90886
90888
90893
90895
90897
9090
90907
9091
90917
9092
90921
90923
90925
90928
90930
90932
90934
90937
90943
90949
90952
90957
90958
90960
90963
90966
90968
90969
9097
90972
90974
90977
90978
90980
90983
90986
90994
90996
91
91006
91009
9101
91011
91021
91023
91025
91026
91027
91028
91029
9105
91052
91053
91055
91057
9107
91075
91077
91078
91079
91080
91083
91084
91085
91086
91087
91088
9109
91094
91096
91097
9111
91111
91119
91122
9113
91136
91142
9115
91151
91161
91169
9117
91173
91175
91180
91189
9119
91191
91192
91193
91195
91197
91199
91201
91202
91203
91205
91208
91210
91211
91213
91215
91216
9122
91231
91236
91237
9124
91240
91244
91246
91249
91256
9126
91264
91269
91274
91275
91276
91279
9128
91280
91281
91282
91283
91284
91285
91286
91287
91289
91291
91292
91293
91294
91295
91296
91297
91298
91299
9130
91300
91301
91302
91303
91304
91305
91307
91308
91309
91310
91311
91312
91315
91316
91317
91319
9132
91321
91322
91325
91327
91328
91329
91331
91333
91334
91335
91336
91337
91338
91339
91341
91342
91343
91346
91348
91349
9135
91351
91352
91353
91355
91356
91357
91360
91361
91362
91363
91364
91365
91366
91368
9137
91372
91373
91374
91375
91376
91377
91378
91379
91381
91382
91383
91384
91386
91387
91389
91391
91393
91395
91398
91399
914
9140
91402
91404
91405
91406
91407
91408
91409
91411
91413
91414
91415
91417
91418
9142
91422
91423
91424
91425
91429
91430
91431
91433
91434
91437
91438
91439
9144
91441
91443
91445
91447
91448
91449
91450
91451
91452
91453
91454
91455
91456
91458
9146
91461
91464
91465
91466
91468
91469
9147
91471
91472
91475
91476
91477
91479
9148
91480
91481
91482
91483
91485
91486
91487
91492
91493
91494
91495
91496
91497
91498
91499
91501
91502
91503
91504
91505
91506
91508
91509
91510
91511
91512
91513
91514
91515
91516
91517
91518
91519
9152
91520
91521
91522
91523
91524
91525
91526
91527
91528
91530
91531
91532
91535
91536
91537
91538
91539
9154
91540
91541
91543
91544
91545
91546
91548
91549
9155
91551
91552
91554
91555
91556
91557
91558
91559
9156
91560
91561
91562
91563
91564
91566
91567
91569
9157
91573
91574
91575
91576
91577
91578
91579
91580
91582
91583
91584
91585
91586
91587
91589
9159
91591
91592
91593
91594
91595
91596
91597
91598
91599
916
91600
91601
91602
91603
91604
91605
91606
91608
91610
91611
91612
91613
91614
91619
9162
91620
91621
91622
91623
91624
91625
91629
91631
91633
91635
91636
91637
91638
91639
9164
91644
91646
91647
91648
91649
91650
91652
91654
91655
91656
91659
91660
91662
91664
91665
91666
91667
91669
91670
91671
91672
91673
91674
91675
91676
91677
91678
91679
91680
91682
91684
91685
91686
91687
91688
91689
91690
91691
91692
91693
91694
91695
91696
91697
91698
91699
917
91700
91701
91702
91703
91705
91706
91707
91708
91709
91710
91714
91716
91718
91721
91725
91726
91727
91733
91734
91735
91736
91737
91749
91750
91753
91754
91755
91756
91757
91758
91759
91760
91765
91768
91769
91771
91798
91827
91828
91832
91844
91865
91878
91879
91881
91886
91887
91888
91892
91893
91896
919
91905
91920
91928
91929
91930
91934
91935
91937
91942
91943
92201
92202
92203
92204
92231
92275
92286
92287
92310
92311
92315
92321
92324
92343
92346
925
9251
92527
92528
9253
92530
92532
92533
92537
92538
92539
92543
92546
92547
9255
92551
92552
92553
92555
92556
92559
92562
92564
9257
9259
92596
92598
92599
926
9260
92604
9262
92644
92650
92652
92653
92654
92656
92657
9266
92660
92661
92662
92663
92664
92665
92671
927
9274
9276
9279
9281
92817
9282
9286
92868
92869
92910
92911
92914
9292
92935
92936
92944
9297
92975
93
93008
9301
93014
9302
93021
93022
93023
93024
93025
93027
93028
93029
93030
93031
93032
93033
93034
93035
93036
93037
93038
93039
93040
93041
93042
93043
93044
93045
93046
93047
93049
93051
93052
9307
9308
93083
93091
93092
93093
93094
93095
93096
93097
93098
93099
9310
93100
93101
93102
93103
93104
9314
9317
93173
93179
9321
93218
9324
93250
93251
93280
93281
9332
93337
93342
93347
9335
93353
93372
9338
93390
93394
93396
93397
93406
93407
93412
93416
93422
93424
93425
93427
93428
93433
93437
9345
93450
93457
9349
935
93510
93513
93521
93524
93525
93526
93527
93528
93529
9353
93530
93531
93539
93548
93549
93553
93554
9356
93562
93568
93581
93582
93586
93587
93588
93589
936
93612
93618
9362
93621
93622
9363
9367
9369
9372
93737
9375
93758
9378
93780
93781
93782
93783
93784
9381
93833
9386
9387
9389
939
93900
93901
93923
93924
93926
9395
9396
9399
93991
940
9402
94063
94073
94077
94078
94079
94080
94081
941
94123
94124
94125
94126
94127
94128
94130
94131
94135
94136
94137
9415
94151
94163
9417
94174
94180
94181
942
9421
9423
94239
94240
94241
94242
9426
943
9437
94398
94399
9449
9452
94520
9453
94533
94544
94545
94548
9455
94560
94578
9460
94607
9462
94628
94629
9463
9479
94804
94805
94806
94807
94816
94818
9484
94840
94841
9485
94857
94858
94907
94916
94920
94987
95
9505
9512
95131
95137
9514
95150
95157
95163
95170
95171
95172
95173
95174
95183
95189
9521
9526
95389
9539
95393
95420
95424
95425
9549
95504
95545
95546
95547
95548
95549
95583
9559
95599
95600
95601
95603
95604
95605
95613
95615
95616
95617
9562
95626
95628
95629
95634
95640
9565
95654
95659
95660
95663
95664
95665
95676
95679
9568
95693
95697
95698
95700
95701
9572
95731
95736
9574
95764
95765
95767
95773
95775
95787
9579
95790
95792
95798
95808
95809
9584
95844
95846
95849
95856
95864
95875
95896
9590
95902
95906
95923
95925
9593
95944
95961
95973
95975
95976
95993
95998
96046
96048
96050
96051
96052
96053
96054
96055
96056
9611
9612
9613
96134
96143
96144
96146
96153
9617
96170
96172
96173
96176
96180
96185
96189
96193
96194
96231
96232
96233
9624
9625
96273
96280
96283
96286
96289
9629
96299
9634
9636
9638
96403
96406
9643
9644
9646
9648
9650
9652
96521
9653
96539
96540
9655
96558
96559
9656
96583
9659
96603
9661
96621
96624
96627
96640
9666
9667
96678
9668
96697
96698
9671
9672
96720
9673
9674
96744
96746
96747
9675
9676
96775
9678
9680
9682
96841
9685
9687
9690
9691
9693
9695
9696
9699
9701
9703
9706
9709
97091
97097
9711
9713
9715
9717
9720
9723
9726
9729
97290
97291
97292
9731
97328
9733
9734
9736
9739
9740
9743
97439
9744
97442
97452
97458
9746
9748
9750
9752
9755
9756
9757
9758
9760
9761
9762
9764
9766
9767
9768
97681
97682
97684
97686
97687
9770
9771
9773
9775
9777
9779
9781
9783
97873
9788
97884
97887
97890
97891
97892
97893
97894
97895
97896
97897
97898
9790
97902
97907
97908
97909
97910
97912
97916
97918
9792
97927
97933
9794
9797
9800
9803
9807
9810
9812
9814
9818
9824
9827
9830
9833
9835
9837
9840
9843
9846
9849
9852
9854
9857
9860
9861
9863
9866
9867
9870
9874
9876
9879
9885
9888
9892
9895
9898
99
9900
99021
9905
9908
99082
9911
9913
9915
9917
9920
9923
9926
9928
9929
99306
9931
99331
9934
9935
99357
99359
99362
9937
9938
9941
99424
99426
9943
9946
99489
9949
99500
99501
9952
99520
99522
99523
99525
99526
9954
9956
9959
99594
99597
99602
99603
9961
9965
99652
99653
99654
99656
99658
99659
9969
9971
9974
99749
9975
9978
9981
99832
9984
9987
9990
9992
9993
9995
9998
